datetime,wattage,sunlight
08/01/2016 00:00:00,1.348,2
08/01/2016 01:00:00,1.527,2
08/01/2016 02:00:00,1.555,2
08/01/2016 03:00:00,1.541,2
08/01/2016 04:00:00,1.542,116
08/01/2016 05:00:00,2.71,2
08/01/2016 06:00:00,2.413,2
08/01/2016 07:00:00,2.118,670
08/01/2016 08:00:00,2.782,16
08/01/2016 09:00:00,2.706,106
08/01/2016 10:00:00,2.885,563
08/01/2016 11:00:00,3.517,683
08/01/2016 12:00:00,3.725,732
08/01/2016 13:00:00,4.355,354
08/01/2016 14:00:00,3.7,453
08/01/2016 15:00:00,3.561,79
08/01/2016 16:00:00,2.984,197
08/01/2016 17:00:00,2.272,578
08/01/2016 18:00:00,1.524,253
08/01/2016 19:00:00,1.926,58
08/01/2016 20:00:00,2.032,626
08/01/2016 21:00:00,1.933,2
08/01/2016 22:00:00,2.863,2
08/01/2016 23:00:00,1.491,2
08/02/2016 00:00:00,1.053,2
08/02/2016 01:00:00,1.259,2
08/02/2016 02:00:00,1.235,116
08/02/2016 03:00:00,1.238,2
08/02/2016 04:00:00,0.951,116
08/02/2016 05:00:00,2.616,2
08/02/2016 06:00:00,1.365,2
08/02/2016 07:00:00,1.565,337
08/02/2016 08:00:00,2.765,834
08/02/2016 09:00:00,3.452,123
08/02/2016 10:00:00,3.812,224
08/02/2016 11:00:00,3.845,547
08/02/2016 12:00:00,4.111,873
08/02/2016 13:00:00,3.391,884
08/02/2016 14:00:00,4.026,807
08/02/2016 15:00:00,3.924,725
08/02/2016 16:00:00,3.371,255
08/02/2016 17:00:00,2.848,121
08/02/2016 18:00:00,2.066,452
08/02/2016 19:00:00,1.975,275
08/02/2016 20:00:00,1.724,194
08/02/2016 21:00:00,1.766,116
08/02/2016 22:00:00,2.495,2
08/02/2016 23:00:00,1.737,116
08/03/2016 00:00:00,1.465,116
08/03/2016 01:00:00,1.623,2
08/03/2016 02:00:00,1.548,116
08/03/2016 03:00:00,1.526,116
08/03/2016 04:00:00,1.543,2
08/03/2016 05:00:00,2.67,116
08/03/2016 06:00:00,1.825,116
08/03/2016 07:00:00,2.019,227
08/03/2016 08:00:00,3.938,471
08/03/2016 09:00:00,4.189,148
08/03/2016 10:00:00,4.078,514
08/03/2016 11:00:00,4.421,634
08/03/2016 12:00:00,3.724,771
08/03/2016 13:00:00,4.414,690
08/03/2016 14:00:00,4.594,928
08/03/2016 15:00:00,3.989,767
08/03/2016 16:00:00,3.996,865
08/03/2016 17:00:00,2.88,592
08/03/2016 18:00:00,1.905,9
08/03/2016 19:00:00,1.98,201
08/03/2016 20:00:00,2.07,117
08/03/2016 21:00:00,2.77,116
08/03/2016 22:00:00,1.949,2
08/03/2016 23:00:00,1.536,116
08/04/2016 00:00:00,1.346,116
08/04/2016 01:00:00,1.533,2
08/04/2016 02:00:00,1.55,2
08/04/2016 03:00:00,1.542,2
08/04/2016 04:00:00,1.542,2
08/04/2016 05:00:00,2.623,2
08/04/2016 06:00:00,2.362,2
08/04/2016 07:00:00,2.057,227
08/04/2016 08:00:00,2.858,282
08/04/2016 09:00:00,3.885,915
08/04/2016 10:00:00,4.571,113
08/04/2016 11:00:00,4.035,401
08/04/2016 12:00:00,4.227,229
08/04/2016 13:00:00,3.489,51
08/04/2016 14:00:00,3.425,323
08/04/2016 15:00:00,3.492,397
08/04/2016 16:00:00,2.917,465
08/04/2016 17:00:00,2.334,502
08/04/2016 18:00:00,1.615,144
08/04/2016 19:00:00,1.947,33
08/04/2016 20:00:00,1.959,50
08/04/2016 21:00:00,2.296,2
08/04/2016 22:00:00,2.436,2
08/04/2016 23:00:00,1.768,2
08/05/2016 00:00:00,1.183,2
08/05/2016 01:00:00,1.357,2
08/05/2016 02:00:00,1.381,2
08/05/2016 03:00:00,1.39,2
08/05/2016 04:00:00,1.369,2
08/05/2016 05:00:00,1.362,2
08/05/2016 06:00:00,1.373,116
08/05/2016 07:00:00,2.32,448
08/05/2016 08:00:00,3.124,548
08/05/2016 09:00:00,4.099,15
08/05/2016 10:00:00,3.346,154
08/05/2016 11:00:00,3.219,120
08/05/2016 12:00:00,2.744,531
08/05/2016 13:00:00,2.889,507
08/05/2016 14:00:00,2.949,920
08/05/2016 15:00:00,2.772,933
08/05/2016 16:00:00,2.983,788
08/05/2016 17:00:00,1.839,514
08/05/2016 18:00:00,1.419,416
08/05/2016 19:00:00,1.609,537
08/05/2016 20:00:00,1.482,16
08/05/2016 21:00:00,1.379,1
08/05/2016 22:00:00,1.359,2
08/05/2016 23:00:00,1.379,2
08/06/2016 00:00:00,1.181,116
08/06/2016 01:00:00,1.386,2
08/06/2016 02:00:00,1.299,2
08/06/2016 03:00:00,0.945,2
08/06/2016 04:00:00,0.948,2
08/06/2016 05:00:00,0.963,2
08/06/2016 06:00:00,0.937,2
08/06/2016 07:00:00,0.947,448
08/06/2016 08:00:00,0.95,44
08/06/2016 09:00:00,0.961,261
08/06/2016 10:00:00,0.934,476
08/06/2016 11:00:00,0.948,657
08/06/2016 12:00:00,0.95,797
08/06/2016 13:00:00,0.961,874
08/06/2016 14:00:00,1.147,900
08/06/2016 15:00:00,1.55,865
08/06/2016 16:00:00,1.332,794
08/06/2016 17:00:00,1.368,537
08/06/2016 18:00:00,1.215,270
08/06/2016 19:00:00,1.152,88
08/06/2016 20:00:00,1.371,239
08/06/2016 21:00:00,1.427,2
08/06/2016 22:00:00,1.072,2
08/06/2016 23:00:00,1.095,2
08/07/2016 00:00:00,0.937,2
08/07/2016 01:00:00,1.085,2
08/07/2016 02:00:00,1.072,2
08/07/2016 03:00:00,1.09,2
08/07/2016 04:00:00,1.103,2
08/07/2016 05:00:00,0.968,2
08/07/2016 06:00:00,0.934,116
08/07/2016 07:00:00,0.954,337
08/07/2016 08:00:00,0.96,648
08/07/2016 09:00:00,0.993,97
08/07/2016 10:00:00,1.274,435
08/07/2016 11:00:00,0.943,636
08/07/2016 12:00:00,0.95,767
08/07/2016 13:00:00,0.961,926
08/07/2016 14:00:00,0.939,777
08/07/2016 15:00:00,0.943,885
08/07/2016 16:00:00,0.95,783
08/07/2016 17:00:00,0.961,37
08/07/2016 18:00:00,0.946,230
08/07/2016 19:00:00,0.944,338
08/07/2016 20:00:00,0.943,17
08/07/2016 21:00:00,1.789,2
08/07/2016 22:00:00,2.178,2
08/07/2016 23:00:00,1.692,2
08/08/2016 00:00:00,1.467,2
08/08/2016 01:00:00,1.684,2
08/08/2016 02:00:00,1.695,227
08/08/2016 03:00:00,1.686,116
08/08/2016 04:00:00,1.652,116
08/08/2016 05:00:00,3.003,2
08/08/2016 06:00:00,2.153,2
08/08/2016 07:00:00,1.913,227
08/08/2016 08:00:00,2.622,128
08/08/2016 09:00:00,3.724,54
08/08/2016 10:00:00,4.276,307
08/08/2016 11:00:00,3.659,541
08/08/2016 12:00:00,3.491,452
08/08/2016 13:00:00,4.061,644
08/08/2016 14:00:00,3.407,816
08/08/2016 15:00:00,3.869,491
08/08/2016 16:00:00,3.379,609
08/08/2016 17:00:00,2.854,496
08/08/2016 18:00:00,2.336,27
08/08/2016 19:00:00,2.123,180
08/08/2016 20:00:00,1.98,105
08/08/2016 21:00:00,1.46,2
08/08/2016 22:00:00,1.893,2
08/08/2016 23:00:00,1.977,2
08/09/2016 00:00:00,1.431,2
08/09/2016 01:00:00,1.384,227
08/09/2016 02:00:00,1.37,116
08/09/2016 03:00:00,1.365,116
08/09/2016 04:00:00,1.375,116
08/09/2016 05:00:00,2.569,116
08/09/2016 06:00:00,1.884,116
08/09/2016 07:00:00,1.659,337
08/09/2016 08:00:00,2.932,150
08/09/2016 09:00:00,3.329,714
08/09/2016 10:00:00,3.978,162
08/09/2016 11:00:00,4.499,52
08/09/2016 12:00:00,3.983,741
08/09/2016 13:00:00,3.964,757
08/09/2016 14:00:00,4.455,904
08/09/2016 15:00:00,5.295,910
08/09/2016 16:00:00,3.908,675
08/09/2016 17:00:00,3.018,547
08/09/2016 18:00:00,2.145,165
08/09/2016 19:00:00,1.7,163
08/09/2016 20:00:00,2.046,250
08/09/2016 21:00:00,1.249,2
08/09/2016 22:00:00,1.226,2
08/09/2016 23:00:00,1.237,2
08/10/2016 00:00:00,1.059,2
08/10/2016 01:00:00,1.753,2
08/10/2016 02:00:00,1.229,2
08/10/2016 03:00:00,1.235,2
08/10/2016 04:00:00,1.242,2
08/10/2016 05:00:00,2.112,2
08/10/2016 06:00:00,2.654,2
08/10/2016 07:00:00,1.713,227
08/10/2016 08:00:00,2.8,548
08/10/2016 09:00:00,3.164,46
08/10/2016 10:00:00,4.03,196
08/10/2016 11:00:00,3.994,721
08/10/2016 12:00:00,3.065,552
08/10/2016 13:00:00,3.624,540
08/10/2016 14:00:00,4.555,223
08/10/2016 15:00:00,4.774,893
08/10/2016 16:00:00,3.621,160
08/10/2016 17:00:00,2.932,468
08/10/2016 18:00:00,2.487,402
08/10/2016 19:00:00,2.701,593
08/10/2016 20:00:00,2.747,139
08/10/2016 21:00:00,2.178,2
08/10/2016 22:00:00,1.379,2
08/10/2016 23:00:00,1.369,2
08/11/2016 00:00:00,1.615,2
08/11/2016 01:00:00,1.444,2
08/11/2016 02:00:00,1.464,2
08/11/2016 03:00:00,1.188,2
08/11/2016 04:00:00,1.087,2
08/11/2016 05:00:00,2.196,2
08/11/2016 06:00:00,1.786,116
08/11/2016 07:00:00,1.34,337
08/11/2016 08:00:00,2.967,15
08/11/2016 09:00:00,4.65,115
08/11/2016 10:00:00,4.151,208
08/11/2016 11:00:00,4.011,453
08/11/2016 12:00:00,4.017,478
08/11/2016 13:00:00,4.863,348
08/11/2016 14:00:00,4.599,355
08/11/2016 15:00:00,4.445,422
08/11/2016 16:00:00,3.597,320
08/11/2016 17:00:00,3,534
08/11/2016 18:00:00,2.053,758
08/11/2016 19:00:00,1.882,244
08/11/2016 20:00:00,1.656,13
08/11/2016 21:00:00,1.737,2
08/11/2016 22:00:00,1.381,2
08/11/2016 23:00:00,1.922,2
08/12/2016 00:00:00,1.074,2
08/12/2016 01:00:00,1.234,2
08/12/2016 02:00:00,1.25,2
08/12/2016 03:00:00,1.359,116
08/12/2016 04:00:00,1.228,2
08/12/2016 05:00:00,1.58,116
08/12/2016 06:00:00,2.51,116
08/12/2016 07:00:00,1.633,448
08/12/2016 08:00:00,2.409,183
08/12/2016 09:00:00,2.967,15
08/12/2016 10:00:00,3.487,208
08/12/2016 11:00:00,3.37,144
08/12/2016 12:00:00,4.096,330
08/12/2016 13:00:00,3.749,848
08/12/2016 14:00:00,4.065,941
08/12/2016 15:00:00,4.012,364
08/12/2016 16:00:00,3.796,776
08/12/2016 17:00:00,2.944,596
08/12/2016 18:00:00,1.402,7
08/12/2016 19:00:00,1.387,537
08/12/2016 20:00:00,1.362,72
08/12/2016 21:00:00,1.358,116
08/12/2016 22:00:00,1.384,116
08/12/2016 23:00:00,1.389,2
08/13/2016 00:00:00,1.18,2
08/13/2016 01:00:00,1.352,2
08/13/2016 02:00:00,1.382,2
08/13/2016 03:00:00,1.223,2
08/13/2016 04:00:00,0.942,2
08/13/2016 05:00:00,0.927,2
08/13/2016 06:00:00,0.959,2
08/13/2016 07:00:00,0.963,337
08/13/2016 08:00:00,0.984,393
08/13/2016 09:00:00,0.928,51
08/13/2016 10:00:00,0.956,238
08/13/2016 11:00:00,0.962,647
08/13/2016 12:00:00,0.948,855
08/13/2016 13:00:00,1.013,812
08/13/2016 14:00:00,1.287,752
08/13/2016 15:00:00,1.049,902
08/13/2016 16:00:00,1.475,336
08/13/2016 17:00:00,1.578,599
08/13/2016 18:00:00,1.067,330
08/13/2016 19:00:00,1.059,160
08/13/2016 20:00:00,1.3,404
08/13/2016 21:00:00,1.038,1
08/13/2016 22:00:00,1.15,2
08/13/2016 23:00:00,0.963,2
08/14/2016 00:00:00,0.807,2
08/14/2016 01:00:00,0.926,2
08/14/2016 02:00:00,0.959,2
08/14/2016 03:00:00,0.965,2
08/14/2016 04:00:00,0.942,116
08/14/2016 05:00:00,0.933,2
08/14/2016 06:00:00,0.953,2
08/14/2016 07:00:00,0.963,337
08/14/2016 08:00:00,0.996,30
08/14/2016 09:00:00,0.936,243
08/14/2016 10:00:00,0.959,456
08/14/2016 11:00:00,1.308,646
08/14/2016 12:00:00,1.947,800
08/14/2016 13:00:00,2.342,934
08/14/2016 14:00:00,2.013,849
08/14/2016 15:00:00,1.739,763
08/14/2016 16:00:00,2.656,771
08/14/2016 17:00:00,1.927,617
08/14/2016 18:00:00,1.613,394
08/14/2016 19:00:00,1.537,33
08/14/2016 20:00:00,1.539,471
08/14/2016 21:00:00,1.537,116
08/14/2016 22:00:00,1.188,116
08/14/2016 23:00:00,1.384,2
08/15/2016 00:00:00,1.818,116
08/15/2016 01:00:00,2.264,116
08/15/2016 02:00:00,1.68,2
08/15/2016 03:00:00,1.687,2
08/15/2016 04:00:00,1.686,2
08/15/2016 05:00:00,2.466,2
08/15/2016 06:00:00,2.501,2
08/15/2016 07:00:00,1.896,227
08/15/2016 08:00:00,3.385,27
08/15/2016 09:00:00,4.048,237
08/15/2016 10:00:00,4.455,457
08/15/2016 11:00:00,4.78,655
08/15/2016 12:00:00,4.706,828
08/15/2016 13:00:00,4.329,570
08/15/2016 14:00:00,5.104,929
08/15/2016 15:00:00,4.076,872
08/15/2016 16:00:00,3.906,749
08/15/2016 17:00:00,2.993,418
08/15/2016 18:00:00,2.259,385
08/15/2016 19:00:00,2.9,162
08/15/2016 20:00:00,2.966,117
08/15/2016 21:00:00,3.044,2
08/15/2016 22:00:00,3.389,116
08/15/2016 23:00:00,2.044,2
08/16/2016 00:00:00,1.736,2
08/16/2016 01:00:00,2.502,2
08/16/2016 02:00:00,1.876,2
08/16/2016 03:00:00,1.879,2
08/16/2016 04:00:00,1.876,116
08/16/2016 05:00:00,3.331,116
08/16/2016 06:00:00,2.677,116
08/16/2016 07:00:00,1.985,227
08/16/2016 08:00:00,3.709,349
08/16/2016 09:00:00,4.607,64
08/16/2016 10:00:00,4.856,518
08/16/2016 11:00:00,4.414,531
08/16/2016 12:00:00,4.574,514
08/16/2016 13:00:00,4.752,932
08/16/2016 14:00:00,4.572,12
08/16/2016 15:00:00,4.772,880
08/16/2016 16:00:00,4.165,761
08/16/2016 17:00:00,3.205,586
08/16/2016 18:00:00,2.883,396
08/16/2016 19:00:00,2.565,548
08/16/2016 20:00:00,3.532,17
08/16/2016 21:00:00,2.945,2
08/16/2016 22:00:00,2.531,2
08/16/2016 23:00:00,2.686,2
08/17/2016 00:00:00,1.908,2
08/17/2016 01:00:00,2.47,2
08/17/2016 02:00:00,1.894,2
08/17/2016 03:00:00,1.861,2
08/17/2016 04:00:00,1.895,2
08/17/2016 05:00:00,1.88,2
08/17/2016 06:00:00,1.89,2
08/17/2016 07:00:00,2.804,337
08/17/2016 08:00:00,4.581,25
08/17/2016 09:00:00,5.089,235
08/17/2016 10:00:00,5.837,445
08/17/2016 11:00:00,5.722,628
08/17/2016 12:00:00,5.23,764
08/17/2016 13:00:00,5.639,849
08/17/2016 14:00:00,5.694,810
08/17/2016 15:00:00,5.822,928
08/17/2016 16:00:00,5.111,538
08/17/2016 17:00:00,3.757,174
08/17/2016 18:00:00,3.245,445
08/17/2016 19:00:00,3.274,75
08/17/2016 20:00:00,2.679,615
08/17/2016 21:00:00,2.241,2
08/17/2016 22:00:00,2.576,2
08/17/2016 23:00:00,2.28,2
08/18/2016 00:00:00,2.265,2
08/18/2016 01:00:00,2.195,116
08/18/2016 02:00:00,1.869,2
08/18/2016 03:00:00,1.875,116
08/18/2016 04:00:00,1.935,116
08/18/2016 05:00:00,2.364,116
08/18/2016 06:00:00,2.678,116
08/18/2016 07:00:00,2.671,116
08/18/2016 08:00:00,4.306,813
08/18/2016 09:00:00,5.524,235
08/18/2016 10:00:00,5.566,477
08/18/2016 11:00:00,5.36,587
08/18/2016 12:00:00,5.957,623
08/18/2016 13:00:00,5.945,865
08/18/2016 14:00:00,6.062,680
08/18/2016 15:00:00,5.838,869
08/18/2016 16:00:00,5.229,109
08/18/2016 17:00:00,3.744,254
08/18/2016 18:00:00,3.367,458
08/18/2016 19:00:00,3.048,98
08/18/2016 20:00:00,2.829,39
08/18/2016 21:00:00,2.804,2
08/18/2016 22:00:00,2.589,2
08/18/2016 23:00:00,2.205,116
08/19/2016 00:00:00,1.734,2
08/19/2016 01:00:00,1.933,2
08/19/2016 02:00:00,1.259,2
08/19/2016 03:00:00,1.076,2
08/19/2016 04:00:00,0.963,2
08/19/2016 05:00:00,0.968,2
08/19/2016 06:00:00,0.972,2
08/19/2016 07:00:00,2.233,227
08/19/2016 08:00:00,4.489,944
08/19/2016 09:00:00,5.257,66
08/19/2016 10:00:00,6.243,224
08/19/2016 11:00:00,5.81,237
08/19/2016 12:00:00,4.89,698
08/19/2016 13:00:00,5.448,752
08/19/2016 14:00:00,5.743,912
08/19/2016 15:00:00,5.876,879
08/19/2016 16:00:00,5.085,31
08/19/2016 17:00:00,2.967,493
08/19/2016 18:00:00,2.465,51
08/19/2016 19:00:00,1.39,471
08/19/2016 20:00:00,1.402,293
08/19/2016 21:00:00,1.378,2
08/19/2016 22:00:00,1.248,116
08/19/2016 23:00:00,1.254,2
08/20/2016 00:00:00,1.07,116
08/20/2016 01:00:00,1.274,2
08/20/2016 02:00:00,1.198,2
08/20/2016 03:00:00,0.961,116
08/20/2016 04:00:00,0.97,116
08/20/2016 05:00:00,1.474,2
08/20/2016 06:00:00,1.835,2
08/20/2016 07:00:00,1.567,227
08/20/2016 08:00:00,1.557,349
08/20/2016 09:00:00,1.587,141
08/20/2016 10:00:00,1.66,478
08/20/2016 11:00:00,1.959,641
08/20/2016 12:00:00,1.997,793
08/20/2016 13:00:00,2.476,828
08/20/2016 14:00:00,2.006,221
08/20/2016 15:00:00,1.911,60
08/20/2016 16:00:00,1.89,790
08/20/2016 17:00:00,1.803,569
08/20/2016 18:00:00,1.978,308
08/20/2016 19:00:00,1.142,22
08/20/2016 20:00:00,1.239,780
08/20/2016 21:00:00,0.968,2
08/20/2016 22:00:00,0.984,2
08/20/2016 23:00:00,0.968,2
08/21/2016 00:00:00,0.816,2
08/21/2016 01:00:00,0.971,2
08/21/2016 02:00:00,0.977,116
08/21/2016 03:00:00,0.973,116
08/21/2016 04:00:00,0.956,2
08/21/2016 05:00:00,0.968,2
08/21/2016 06:00:00,0.975,116
08/21/2016 07:00:00,0.971,116
08/21/2016 08:00:00,0.956,866
08/21/2016 09:00:00,0.976,191
08/21/2016 10:00:00,0.967,423
08/21/2016 11:00:00,0.975,623
08/21/2016 12:00:00,0.96,741
08/21/2016 13:00:00,0.969,742
08/21/2016 14:00:00,1.013,591
08/21/2016 15:00:00,1.012,875
08/21/2016 16:00:00,0.962,46
08/21/2016 17:00:00,0.968,23
08/21/2016 18:00:00,0.972,165
08/21/2016 19:00:00,0.975,85
08/21/2016 20:00:00,0.95,228
08/21/2016 21:00:00,1.035,2
08/21/2016 22:00:00,2.064,2
08/21/2016 23:00:00,2.142,2
08/22/2016 00:00:00,2.319,2
08/22/2016 01:00:00,2.62,2
08/22/2016 02:00:00,2.458,2
08/22/2016 03:00:00,2.187,116
08/22/2016 04:00:00,2.216,2
08/22/2016 05:00:00,2.872,2
08/22/2016 06:00:00,3.018,2
08/22/2016 07:00:00,3.175,227
08/22/2016 08:00:00,4.648,834
08/22/2016 09:00:00,5.182,246
08/22/2016 10:00:00,5.739,486
08/22/2016 11:00:00,6.004,508
08/22/2016 12:00:00,6.031,424
08/22/2016 13:00:00,6.206,700
08/22/2016 14:00:00,6.155,861
08/22/2016 15:00:00,6.03,588
08/22/2016 16:00:00,5.813,801
08/22/2016 17:00:00,5.662,566
08/22/2016 18:00:00,4.938,246
08/22/2016 19:00:00,5.118,124
08/22/2016 20:00:00,3.987,150
08/22/2016 21:00:00,3.006,2
08/22/2016 22:00:00,3.017,2
08/22/2016 23:00:00,2.515,2
08/23/2016 00:00:00,2.293,2
08/23/2016 01:00:00,2.7,2
08/23/2016 02:00:00,1.988,2
08/23/2016 03:00:00,1.969,2
08/23/2016 04:00:00,1.987,2
08/23/2016 05:00:00,2.266,2
08/23/2016 06:00:00,2.04,2
08/23/2016 07:00:00,2.587,116
08/23/2016 08:00:00,4.842,905
08/23/2016 09:00:00,5.531,98
08/23/2016 10:00:00,5.714,364
08/23/2016 11:00:00,5.216,669
08/23/2016 12:00:00,6.174,674
08/23/2016 13:00:00,6.28,783
08/23/2016 14:00:00,6.329,940
08/23/2016 15:00:00,6.022,272
08/23/2016 16:00:00,5.523,467
08/23/2016 17:00:00,5.095,605
08/23/2016 18:00:00,4.719,249
08/23/2016 19:00:00,4.263,97
08/23/2016 20:00:00,3.441,83
08/23/2016 21:00:00,3,2
08/23/2016 22:00:00,2.728,2
08/23/2016 23:00:00,2.565,2
08/24/2016 00:00:00,1.987,2
08/24/2016 01:00:00,2.737,2
08/24/2016 02:00:00,2.314,2
08/24/2016 03:00:00,1.975,2
08/24/2016 04:00:00,1.999,2
08/24/2016 05:00:00,2.284,2
08/24/2016 06:00:00,2.188,2
08/24/2016 07:00:00,2.854,116
08/24/2016 08:00:00,5.041,116
08/24/2016 09:00:00,5.17,227
08/24/2016 10:00:00,6.166,83
08/24/2016 11:00:00,7.015,42
08/24/2016 12:00:00,6.962,154
08/24/2016 13:00:00,6.482,225
08/24/2016 14:00:00,6.766,319
08/24/2016 15:00:00,6.549,364
08/24/2016 16:00:00,5.589,680
08/24/2016 17:00:00,4.979,442
08/24/2016 18:00:00,4.686,157
08/24/2016 19:00:00,5.156,109
08/24/2016 20:00:00,5.078,61
08/24/2016 21:00:00,4.65,2
08/24/2016 22:00:00,4.371,2
08/24/2016 23:00:00,3.407,2
08/25/2016 00:00:00,1.914,2
08/25/2016 01:00:00,2.658,2
08/25/2016 02:00:00,2.306,2
08/25/2016 03:00:00,2.049,2
08/25/2016 04:00:00,2.052,2
08/25/2016 05:00:00,2.381,2
08/25/2016 06:00:00,3.016,2
08/25/2016 07:00:00,2.96,116
08/25/2016 08:00:00,4.456,493
08/25/2016 09:00:00,6.221,220
08/25/2016 10:00:00,6.624,365
08/25/2016 11:00:00,6.398,611
08/25/2016 12:00:00,6.724,722
08/25/2016 13:00:00,6.612,826
08/25/2016 14:00:00,6.734,873
08/25/2016 15:00:00,6.196,828
08/25/2016 16:00:00,5.851,699
08/25/2016 17:00:00,4.843,550
08/25/2016 18:00:00,3.487,192
08/25/2016 19:00:00,3.456,100
08/25/2016 20:00:00,3.034,94
08/25/2016 21:00:00,2.64,116
08/25/2016 22:00:00,2.706,2
08/25/2016 23:00:00,2.463,2
08/26/2016 00:00:00,2.161,2
08/26/2016 01:00:00,2.52,2
08/26/2016 02:00:00,2.251,2
08/26/2016 03:00:00,1.851,2
08/26/2016 04:00:00,1.615,2
08/26/2016 05:00:00,2.133,2
08/26/2016 06:00:00,2.115,2
08/26/2016 07:00:00,2.615,116
08/26/2016 08:00:00,4.37,896
08/26/2016 09:00:00,5.458,192
08/26/2016 10:00:00,5.645,414
08/26/2016 11:00:00,5.792,610
08/26/2016 12:00:00,5.683,754
08/26/2016 13:00:00,5.825,694
08/26/2016 14:00:00,6.083,762
08/26/2016 15:00:00,6.779,810
08/26/2016 16:00:00,6.028,681
08/26/2016 17:00:00,4.365,266
08/26/2016 18:00:00,2.094,791
08/26/2016 19:00:00,1.767,747
08/26/2016 20:00:00,2.1,337
08/26/2016 21:00:00,1.802,2
08/26/2016 22:00:00,1.757,2
08/26/2016 23:00:00,1.775,2
08/27/2016 00:00:00,1.537,2
08/27/2016 01:00:00,1.786,2
08/27/2016 02:00:00,1.735,2
08/27/2016 03:00:00,1.489,2
08/27/2016 04:00:00,1.467,2
08/27/2016 05:00:00,1.44,2
08/27/2016 06:00:00,1.42,2
08/27/2016 07:00:00,1.43,116
08/27/2016 08:00:00,1.425,845
08/27/2016 09:00:00,1.439,202
08/27/2016 10:00:00,1.174,425
08/27/2016 11:00:00,1.471,576
08/27/2016 12:00:00,1.534,762
08/27/2016 13:00:00,1.615,940
08/27/2016 14:00:00,1.6,922
08/27/2016 15:00:00,1.618,476
08/27/2016 16:00:00,1.538,733
08/27/2016 17:00:00,1.524,238
08/27/2016 18:00:00,1.546,321
08/27/2016 19:00:00,1.513,95
08/27/2016 20:00:00,1.631,50
08/27/2016 21:00:00,1.071,2
08/27/2016 22:00:00,0.923,2
08/27/2016 23:00:00,0.913,2
08/28/2016 00:00:00,0.785,2
08/28/2016 01:00:00,0.931,2
08/28/2016 02:00:00,0.928,2
08/28/2016 03:00:00,0.913,2
08/28/2016 04:00:00,0.917,2
08/28/2016 05:00:00,0.927,116
08/28/2016 06:00:00,0.936,116
08/28/2016 07:00:00,0.914,2
08/28/2016 08:00:00,0.919,769
08/28/2016 09:00:00,0.922,98
08/28/2016 10:00:00,0.933,163
08/28/2016 11:00:00,0.909,599
08/28/2016 12:00:00,0.922,656
08/28/2016 13:00:00,0.932,677
08/28/2016 14:00:00,0.924,653
08/28/2016 15:00:00,0.923,386
08/28/2016 16:00:00,0.911,389
08/28/2016 17:00:00,0.928,520
08/28/2016 18:00:00,0.925,329
08/28/2016 19:00:00,0.92,88
08/28/2016 20:00:00,0.922,448
08/28/2016 21:00:00,1.238,2
08/28/2016 22:00:00,1.981,2
08/28/2016 23:00:00,1.86,116
08/29/2016 00:00:00,1.515,2
08/29/2016 01:00:00,1.9,2
08/29/2016 02:00:00,1.413,2
08/29/2016 03:00:00,0.934,2
08/29/2016 04:00:00,0.963,2
08/29/2016 05:00:00,1.896,2
08/29/2016 06:00:00,1.661,2
08/29/2016 07:00:00,1.917,116
08/29/2016 08:00:00,4.606,845
08/29/2016 09:00:00,5.353,195
08/29/2016 10:00:00,5.781,405
08/29/2016 11:00:00,6.55,356
08/29/2016 12:00:00,6.73,662
08/29/2016 13:00:00,6.937,497
08/29/2016 14:00:00,7.161,788
08/29/2016 15:00:00,6.971,835
08/29/2016 16:00:00,6.153,837
08/29/2016 17:00:00,5.243,546
08/29/2016 18:00:00,4.821,332
08/29/2016 19:00:00,4.205,190
08/29/2016 20:00:00,3.758,28
08/29/2016 21:00:00,3.234,2
08/29/2016 22:00:00,3.258,116
08/29/2016 23:00:00,2.615,2
08/30/2016 00:00:00,1.97,2
08/30/2016 01:00:00,2.042,2
08/30/2016 02:00:00,2.212,2
08/30/2016 03:00:00,1.577,2
08/30/2016 04:00:00,1.568,2
08/30/2016 05:00:00,2.141,2
08/30/2016 06:00:00,2.342,2
08/30/2016 07:00:00,2.438,2
08/30/2016 08:00:00,4.28,866
08/30/2016 09:00:00,6.05,202
08/30/2016 10:00:00,6.845,418
08/30/2016 11:00:00,6.495,350
08/30/2016 12:00:00,6.569,546
08/30/2016 13:00:00,6.861,738
08/30/2016 14:00:00,7.139,862
08/30/2016 15:00:00,6.874,827
08/30/2016 16:00:00,6.58,590
08/30/2016 17:00:00,5.651,461
08/30/2016 18:00:00,5.427,284
08/30/2016 19:00:00,5.02,102
08/30/2016 20:00:00,2.979,61
08/30/2016 21:00:00,3.076,2
08/30/2016 22:00:00,2.647,2
08/30/2016 23:00:00,2.878,2
08/31/2016 00:00:00,2.036,116
08/31/2016 01:00:00,2.135,116
08/31/2016 02:00:00,2.319,2
08/31/2016 03:00:00,1.451,2
08/31/2016 04:00:00,1.373,2
08/31/2016 05:00:00,1.787,2
08/31/2016 06:00:00,1.878,2
08/31/2016 07:00:00,1.982,2
08/31/2016 08:00:00,4.526,571
08/31/2016 09:00:00,5.484,190
08/31/2016 10:00:00,6.259,410
08/31/2016 11:00:00,6.62,389
08/31/2016 12:00:00,6.297,496
08/31/2016 13:00:00,6.728,852
08/31/2016 14:00:00,6.613,635
08/31/2016 15:00:00,6.731,842
08/31/2016 16:00:00,6.792,705
08/31/2016 17:00:00,5.407,525
08/31/2016 18:00:00,4.661,321
08/31/2016 19:00:00,4.208,103
08/31/2016 20:00:00,3.419,670
08/31/2016 21:00:00,3.66,2
08/31/2016 22:00:00,3.73,2
08/31/2016 23:00:00,3.298,2
09/01/2016 00:00:00,2.001,2
09/01/2016 01:00:00,2.505,2
09/01/2016 02:00:00,2.267,2
09/01/2016 03:00:00,1.875,2
09/01/2016 04:00:00,1.876,2
09/01/2016 05:00:00,2.374,2
09/01/2016 06:00:00,2.352,2
09/01/2016 07:00:00,2.593,2
09/01/2016 08:00:00,4.878,866
09/01/2016 09:00:00,6.188,182
09/01/2016 10:00:00,6.411,396
09/01/2016 11:00:00,6.213,590
09/01/2016 12:00:00,5.923,734
09/01/2016 13:00:00,6.391,828
09/01/2016 14:00:00,6.777,859
09/01/2016 15:00:00,6.919,774
09/01/2016 16:00:00,6.479,49
09/01/2016 17:00:00,5.344,164
09/01/2016 18:00:00,4.182,88
09/01/2016 19:00:00,4.057,924
09/01/2016 20:00:00,3.507,448
09/01/2016 21:00:00,3.888,2
09/01/2016 22:00:00,3.186,2
09/01/2016 23:00:00,2.909,2
09/02/2016 00:00:00,2.181,2
09/02/2016 01:00:00,1.915,2
09/02/2016 02:00:00,1.893,2
09/02/2016 03:00:00,1.378,2
09/02/2016 04:00:00,1.389,116
09/02/2016 05:00:00,2.071,2
09/02/2016 06:00:00,1.864,2
09/02/2016 07:00:00,1.967,2
09/02/2016 08:00:00,4.629,39
09/02/2016 09:00:00,5.672,271
09/02/2016 10:00:00,6.537,834
09/02/2016 11:00:00,7.285,20
09/02/2016 12:00:00,7.02,110
09/02/2016 13:00:00,6.606,96
09/02/2016 14:00:00,6.119,791
09/02/2016 15:00:00,6.339,16
09/02/2016 16:00:00,5.902,20
09/02/2016 17:00:00,3.177,769
09/02/2016 18:00:00,2.077,460
09/02/2016 19:00:00,1.22,250
09/02/2016 20:00:00,1.416,227
09/02/2016 21:00:00,1.336,2
09/02/2016 22:00:00,1.205,2
09/02/2016 23:00:00,1.216,116
09/03/2016 00:00:00,1.07,116
09/03/2016 01:00:00,1.209,2
09/03/2016 02:00:00,1.177,116
09/03/2016 03:00:00,0.926,116
09/03/2016 04:00:00,0.944,2
09/03/2016 05:00:00,0.92,2
09/03/2016 06:00:00,0.911,2
09/03/2016 07:00:00,0.933,2
09/03/2016 08:00:00,0.941,769
09/03/2016 09:00:00,0.997,195
09/03/2016 10:00:00,0.921,422
09/03/2016 11:00:00,0.92,620
09/03/2016 12:00:00,1.043,770
09/03/2016 13:00:00,1.727,857
09/03/2016 14:00:00,1.233,868
09/03/2016 15:00:00,1.255,814
09/03/2016 16:00:00,0.987,706
09/03/2016 17:00:00,1.021,623
09/03/2016 18:00:00,1.252,249
09/03/2016 19:00:00,1.037,548
09/03/2016 20:00:00,1.157,448
09/03/2016 21:00:00,1.163,2
09/03/2016 22:00:00,1.01,2
09/03/2016 23:00:00,0.98,2
09/04/2016 00:00:00,0.803,2
09/04/2016 01:00:00,0.922,2
09/04/2016 02:00:00,0.925,2
09/04/2016 03:00:00,0.932,2
09/04/2016 04:00:00,0.931,2
09/04/2016 05:00:00,0.922,2
09/04/2016 06:00:00,0.926,2
09/04/2016 07:00:00,0.927,2
09/04/2016 08:00:00,0.932,94
09/04/2016 09:00:00,0.917,224
09/04/2016 10:00:00,1.048,427
09/04/2016 11:00:00,1.366,429
09/04/2016 12:00:00,1.509,320
09/04/2016 13:00:00,1.066,893
09/04/2016 14:00:00,0.937,804
09/04/2016 15:00:00,1.007,838
09/04/2016 16:00:00,0.934,752
09/04/2016 17:00:00,0.915,422
09/04/2016 18:00:00,0.94,309
09/04/2016 19:00:00,0.922,845
09/04/2016 20:00:00,0.928,337
09/04/2016 21:00:00,1.517,2
09/04/2016 22:00:00,1.954,2
09/04/2016 23:00:00,1.849,2
09/05/2016 00:00:00,1.756,2
09/05/2016 01:00:00,2.219,2
09/05/2016 02:00:00,1.597,116
09/05/2016 03:00:00,1.62,2
09/05/2016 04:00:00,1.611,2
09/05/2016 05:00:00,2.346,2
09/05/2016 06:00:00,2.002,2
09/05/2016 07:00:00,2.451,2
09/05/2016 08:00:00,4.635,692
09/05/2016 09:00:00,5.091,180
09/05/2016 10:00:00,5.7,400
09/05/2016 11:00:00,5.832,594
09/05/2016 12:00:00,5.774,756
09/05/2016 13:00:00,6.327,879
09/05/2016 14:00:00,5.903,771
09/05/2016 15:00:00,5.404,838
09/05/2016 16:00:00,5.501,719
09/05/2016 17:00:00,5.473,525
09/05/2016 18:00:00,5.197,290
09/05/2016 19:00:00,5.308,64
09/05/2016 20:00:00,4.894,559
09/05/2016 21:00:00,4.784,2
09/05/2016 22:00:00,4.427,2
09/05/2016 23:00:00,3.242,2
09/06/2016 00:00:00,1.839,2
09/06/2016 01:00:00,2.12,2
09/06/2016 02:00:00,1.777,2
09/06/2016 03:00:00,1.053,2
09/06/2016 04:00:00,1.072,2
09/06/2016 05:00:00,1.888,2
09/06/2016 06:00:00,1.554,2
09/06/2016 07:00:00,2.445,2
09/06/2016 08:00:00,5.303,725
09/06/2016 09:00:00,6.586,186
09/06/2016 10:00:00,6.702,407
09/06/2016 11:00:00,6.605,601
09/06/2016 12:00:00,6.28,753
09/06/2016 13:00:00,6.55,835
09/06/2016 14:00:00,6.003,857
09/06/2016 15:00:00,6.141,804
09/06/2016 16:00:00,5.399,686
09/06/2016 17:00:00,5.113,499
09/06/2016 18:00:00,5.277,270
09/06/2016 19:00:00,5.615,52
09/06/2016 20:00:00,4.735,448
09/06/2016 21:00:00,4.468,2
09/06/2016 22:00:00,3.698,2
09/06/2016 23:00:00,2.659,2
09/07/2016 00:00:00,1.474,2
09/07/2016 01:00:00,1.932,2
09/07/2016 02:00:00,2.069,2
09/07/2016 03:00:00,1.32,2
09/07/2016 04:00:00,1.068,2
09/07/2016 05:00:00,1.701,2
09/07/2016 06:00:00,1.821,2
09/07/2016 07:00:00,2.262,2
09/07/2016 08:00:00,4.294,659
09/07/2016 09:00:00,5.329,179
09/07/2016 10:00:00,6.223,399
09/07/2016 11:00:00,6.431,594
09/07/2016 12:00:00,6.424,743
09/07/2016 13:00:00,6.705,836
09/07/2016 14:00:00,6.927,847
09/07/2016 15:00:00,7.171,794
09/07/2016 16:00:00,6.106,690
09/07/2016 17:00:00,5.337,496
09/07/2016 18:00:00,5.27,276
09/07/2016 19:00:00,5.913,37
09/07/2016 20:00:00,5.816,448
09/07/2016 21:00:00,5.706,116
09/07/2016 22:00:00,5.289,2
09/07/2016 23:00:00,4.033,116
09/08/2016 00:00:00,2.027,116
09/08/2016 01:00:00,2.126,116
09/08/2016 02:00:00,1.755,116
09/08/2016 03:00:00,1.066,116
09/08/2016 04:00:00,1.113,116
09/08/2016 05:00:00,1.952,116
09/08/2016 06:00:00,1.619,116
09/08/2016 07:00:00,2.816,116
09/08/2016 08:00:00,5.805,560
09/08/2016 09:00:00,6.519,199
09/08/2016 10:00:00,6.656,110
09/08/2016 11:00:00,6.506,602
09/08/2016 12:00:00,6.079,739
09/08/2016 13:00:00,5.945,823
09/08/2016 14:00:00,6.106,854
09/08/2016 15:00:00,6.298,849
09/08/2016 16:00:00,5.937,673
09/08/2016 17:00:00,5.371,477
09/08/2016 18:00:00,5.524,235
09/08/2016 19:00:00,5.029,46
09/08/2016 20:00:00,4.63,337
09/08/2016 21:00:00,4.751,2
09/08/2016 22:00:00,4.561,2
09/08/2016 23:00:00,3.115,2
09/09/2016 00:00:00,1.824,2
09/09/2016 01:00:00,1.856,2
09/09/2016 02:00:00,1.869,2
09/09/2016 03:00:00,1.13,2
09/09/2016 04:00:00,1.09,2
09/09/2016 05:00:00,1.989,2
09/09/2016 06:00:00,1.42,2
09/09/2016 07:00:00,1.93,2
09/09/2016 08:00:00,4.795,449
09/09/2016 09:00:00,5.465,866
09/09/2016 10:00:00,6.571,331
09/09/2016 11:00:00,6.71,514
09/09/2016 12:00:00,6.345,664
09/09/2016 13:00:00,6.412,755
09/09/2016 14:00:00,6.584,797
09/09/2016 15:00:00,6.222,240
09/09/2016 16:00:00,5.805,679
09/09/2016 17:00:00,3.938,323
09/09/2016 18:00:00,2.739,246
09/09/2016 19:00:00,1.078,791
09/09/2016 20:00:00,1.061,227
09/09/2016 21:00:00,1.939,2
09/09/2016 22:00:00,1.09,2
09/09/2016 23:00:00,1.077,2
09/10/2016 00:00:00,0.934,2
09/10/2016 01:00:00,1.091,2
09/10/2016 02:00:00,1.091,2
09/10/2016 03:00:00,1.073,2
09/10/2016 04:00:00,1.052,2
09/10/2016 05:00:00,1.025,2
09/10/2016 06:00:00,1.036,2
09/10/2016 07:00:00,1.027,2
09/10/2016 08:00:00,1.201,415
09/10/2016 09:00:00,1.514,107
09/10/2016 10:00:00,1.41,361
09/10/2016 11:00:00,1.436,570
09/10/2016 12:00:00,1.002,718
09/10/2016 13:00:00,1.023,783
09/10/2016 14:00:00,1.031,621
09/10/2016 15:00:00,1.017,441
09/10/2016 16:00:00,1.063,76
09/10/2016 17:00:00,1.475,347
09/10/2016 18:00:00,1.267,285
09/10/2016 19:00:00,1.15,47
09/10/2016 20:00:00,1.05,227
09/10/2016 21:00:00,1.025,2
09/10/2016 22:00:00,1.031,2
09/10/2016 23:00:00,1.009,2
09/11/2016 00:00:00,0.881,2
09/11/2016 01:00:00,1.029,2
09/11/2016 02:00:00,1.023,2
09/11/2016 03:00:00,1.01,2
09/11/2016 04:00:00,1.005,2
09/11/2016 05:00:00,1.031,2
09/11/2016 06:00:00,1.021,2
09/11/2016 07:00:00,1.059,2
09/11/2016 08:00:00,1.112,648
09/11/2016 09:00:00,1.032,182
09/11/2016 10:00:00,1.023,441
09/11/2016 11:00:00,1.012,568
09/11/2016 12:00:00,1.005,521
09/11/2016 13:00:00,1.03,805
09/11/2016 14:00:00,1.025,646
09/11/2016 15:00:00,1.01,773
09/11/2016 16:00:00,1.01,636
09/11/2016 17:00:00,1.031,377
09/11/2016 18:00:00,1.021,197
09/11/2016 19:00:00,1.006,887
09/11/2016 20:00:00,1.009,670
09/11/2016 21:00:00,1.172,2
09/11/2016 22:00:00,2.136,116
09/11/2016 23:00:00,2.262,116
09/12/2016 00:00:00,2.102,2
09/12/2016 01:00:00,3.14,2
09/12/2016 02:00:00,2.285,2
09/12/2016 03:00:00,1.992,116
09/12/2016 04:00:00,1.977,2
09/12/2016 05:00:00,2.504,2
09/12/2016 06:00:00,2.287,2
09/12/2016 07:00:00,2.955,2
09/12/2016 08:00:00,5.02,250
09/12/2016 09:00:00,5.677,162
09/12/2016 10:00:00,6.65,342
09/12/2016 11:00:00,7.051,610
09/12/2016 12:00:00,6.839,545
09/12/2016 13:00:00,7.093,814
09/12/2016 14:00:00,7.229,142
09/12/2016 15:00:00,7.112,779
09/12/2016 16:00:00,6.763,639
09/12/2016 17:00:00,6.507,465
09/12/2016 18:00:00,6.257,288
09/12/2016 19:00:00,6.017,94
09/12/2016 20:00:00,5.566,337
09/12/2016 21:00:00,5.613,116
09/12/2016 22:00:00,5.668,116
09/12/2016 23:00:00,4.915,116
09/13/2016 00:00:00,2.997,2
09/13/2016 01:00:00,2.787,2
09/13/2016 02:00:00,2.537,2
09/13/2016 03:00:00,1.89,2
09/13/2016 04:00:00,1.875,116
09/13/2016 05:00:00,2.376,116
09/13/2016 06:00:00,2.35,116
09/13/2016 07:00:00,3.326,116
09/13/2016 08:00:00,5.911,338
09/13/2016 09:00:00,6.835,80
09/13/2016 10:00:00,7.004,283
09/13/2016 11:00:00,6.751,624
09/13/2016 12:00:00,6.793,726
09/13/2016 13:00:00,6.831,348
09/13/2016 14:00:00,6.455,618
09/13/2016 15:00:00,6.605,710
09/13/2016 16:00:00,6.449,664
09/13/2016 17:00:00,6.247,488
09/13/2016 18:00:00,6.092,249
09/13/2016 19:00:00,5.784,8
09/13/2016 20:00:00,5.577,116
09/13/2016 21:00:00,5.794,2
09/13/2016 22:00:00,6.085,116
09/13/2016 23:00:00,5.73,116
09/14/2016 00:00:00,3.077,116
09/14/2016 01:00:00,2.592,2
09/14/2016 02:00:00,1.825,2
09/14/2016 03:00:00,1.641,116
09/14/2016 04:00:00,1.642,2
09/14/2016 05:00:00,1.944,116
09/14/2016 06:00:00,1.975,2
09/14/2016 07:00:00,3.208,2
09/14/2016 08:00:00,3.843,471
09/14/2016 09:00:00,5.006,168
09/14/2016 10:00:00,5.968,387
09/14/2016 11:00:00,6.233,576
09/14/2016 12:00:00,6.788,721
09/14/2016 13:00:00,7.153,805
09/14/2016 14:00:00,7.114,818
09/14/2016 15:00:00,7.269,761
09/14/2016 16:00:00,7.08,641
09/14/2016 17:00:00,6.435,465
09/14/2016 18:00:00,6.668,247
09/14/2016 19:00:00,6.036,24
09/14/2016 20:00:00,5.605,116
09/14/2016 21:00:00,4.806,2
09/14/2016 22:00:00,4.741,2
09/14/2016 23:00:00,3.859,2
09/15/2016 00:00:00,2.464,2
09/15/2016 01:00:00,1.971,2
09/15/2016 02:00:00,1.7,2
09/15/2016 03:00:00,1.637,2
09/15/2016 04:00:00,1.631,116
09/15/2016 05:00:00,1.678,116
09/15/2016 06:00:00,2.215,116
09/15/2016 07:00:00,3.135,116
09/15/2016 08:00:00,5.496,393
09/15/2016 09:00:00,6.607,152
09/15/2016 10:00:00,6.612,368
09/15/2016 11:00:00,6.839,567
09/15/2016 12:00:00,6.983,710
09/15/2016 13:00:00,7.253,795
09/15/2016 14:00:00,7.064,815
09/15/2016 15:00:00,7.094,804
09/15/2016 16:00:00,6.674,662
09/15/2016 17:00:00,5.777,474
09/15/2016 18:00:00,5.442,242
09/15/2016 19:00:00,5.499,648
09/15/2016 20:00:00,5.152,116
09/15/2016 21:00:00,5.074,116
09/15/2016 22:00:00,4.507,116
09/15/2016 23:00:00,3.745,116
09/16/2016 00:00:00,1.927,116
09/16/2016 01:00:00,2.296,116
09/16/2016 02:00:00,1.877,2
09/16/2016 03:00:00,1.161,2
09/16/2016 04:00:00,1.15,2
09/16/2016 05:00:00,1.801,2
09/16/2016 06:00:00,1.637,2
09/16/2016 07:00:00,2.313,2
09/16/2016 08:00:00,5.127,326
09/16/2016 09:00:00,5.212,63
09/16/2016 10:00:00,6.001,400
09/16/2016 11:00:00,6.146,641
09/16/2016 12:00:00,5.56,732
09/16/2016 13:00:00,5.819,666
09/16/2016 14:00:00,6.323,477
09/16/2016 15:00:00,5.803,738
09/16/2016 16:00:00,5.947,104
09/16/2016 17:00:00,4.429,119
09/16/2016 18:00:00,2.78,207
09/16/2016 19:00:00,2.083,905
09/16/2016 20:00:00,1.286,116
09/16/2016 21:00:00,1.173,2
09/16/2016 22:00:00,1.173,2
09/16/2016 23:00:00,1.147,2
09/17/2016 00:00:00,1.015,116
09/17/2016 01:00:00,1.177,2
09/17/2016 02:00:00,1.186,2
09/17/2016 03:00:00,1.133,2
09/17/2016 04:00:00,1.024,2
09/17/2016 05:00:00,1.025,2
09/17/2016 06:00:00,1.036,2
09/17/2016 07:00:00,1.017,2
09/17/2016 08:00:00,1.027,371
09/17/2016 09:00:00,1.028,118
09/17/2016 10:00:00,1.264,201
09/17/2016 11:00:00,1.416,330
09/17/2016 12:00:00,1.066,486
09/17/2016 13:00:00,1.09,354
09/17/2016 14:00:00,1.907,453
09/17/2016 15:00:00,1.338,748
09/17/2016 16:00:00,1.024,738
09/17/2016 17:00:00,1.029,277
09/17/2016 18:00:00,1.034,277
09/17/2016 19:00:00,1.019,9
09/17/2016 20:00:00,1.473,2
09/17/2016 21:00:00,1.402,2
09/17/2016 22:00:00,1.148,2
09/17/2016 23:00:00,1.022,2
09/18/2016 00:00:00,0.89,2
09/18/2016 01:00:00,1.02,2
09/18/2016 02:00:00,1.031,2
09/18/2016 03:00:00,1.019,2
09/18/2016 04:00:00,1.036,2
09/18/2016 05:00:00,1.018,2
09/18/2016 06:00:00,1.032,2
09/18/2016 07:00:00,1.049,2
09/18/2016 08:00:00,1.133,548
09/18/2016 09:00:00,1.021,68
09/18/2016 10:00:00,1.029,317
09/18/2016 11:00:00,1.028,336
09/18/2016 12:00:00,1.028,398
09/18/2016 13:00:00,1.02,321
09/18/2016 14:00:00,1.383,175
09/18/2016 15:00:00,1.716,217
09/18/2016 16:00:00,1.683,143
09/18/2016 17:00:00,1.838,33
09/18/2016 18:00:00,1.234,692
09/18/2016 19:00:00,1.036,150
09/18/2016 20:00:00,1.026,2
09/18/2016 21:00:00,1.405,2
09/18/2016 22:00:00,1.851,2
09/18/2016 23:00:00,2.692,2
09/19/2016 00:00:00,2.867,2
09/19/2016 01:00:00,3.148,2
09/19/2016 02:00:00,2.098,2
09/19/2016 03:00:00,2.595,2
09/19/2016 04:00:00,2.467,2
09/19/2016 05:00:00,2.237,116
09/19/2016 06:00:00,2.31,2
09/19/2016 07:00:00,3.259,2
09/19/2016 08:00:00,5.611,172
09/19/2016 09:00:00,6.649,40
09/19/2016 10:00:00,6.44,191
09/19/2016 11:00:00,6.766,549
09/19/2016 12:00:00,7.019,494
09/19/2016 13:00:00,6.712,590
09/19/2016 14:00:00,6.897,881
09/19/2016 15:00:00,6.597,750
09/19/2016 16:00:00,6.351,447
09/19/2016 17:00:00,6.17,563
09/19/2016 18:00:00,5.702,250
09/19/2016 19:00:00,5.831,14
09/19/2016 20:00:00,5.88,116
09/19/2016 21:00:00,5.68,2
09/19/2016 22:00:00,5.577,2
09/19/2016 23:00:00,4.832,2
09/20/2016 00:00:00,3.273,116
09/20/2016 01:00:00,3.668,116
09/20/2016 02:00:00,2.56,116
09/20/2016 03:00:00,2.474,2
09/20/2016 04:00:00,2.325,2
09/20/2016 05:00:00,2.326,116
09/20/2016 06:00:00,2.154,116
09/20/2016 07:00:00,2.545,116
09/20/2016 08:00:00,5.201,271
09/20/2016 09:00:00,6.573,153
09/20/2016 10:00:00,6.599,375
09/20/2016 11:00:00,6.276,567
09/20/2016 12:00:00,6.382,603
09/20/2016 13:00:00,6.221,599
09/20/2016 14:00:00,6.688,870
09/20/2016 15:00:00,6.53,601
09/20/2016 16:00:00,6.012,266
09/20/2016 17:00:00,5.526,350
09/20/2016 18:00:00,5.568,135
09/20/2016 19:00:00,5.809,150
09/20/2016 20:00:00,5.697,2
09/20/2016 21:00:00,5.258,2
09/20/2016 22:00:00,5.541,116
09/20/2016 23:00:00,5.044,2
09/21/2016 00:00:00,2.805,2
09/21/2016 01:00:00,3.198,2
09/21/2016 02:00:00,2.627,2
09/21/2016 03:00:00,1.988,2
09/21/2016 04:00:00,1.774,2
09/21/2016 05:00:00,2.207,2
09/21/2016 06:00:00,3.272,2
09/21/2016 07:00:00,2.594,2
09/21/2016 08:00:00,4.874,371
09/21/2016 09:00:00,6.13,92
09/21/2016 10:00:00,6.586,373
09/21/2016 11:00:00,6.401,557
09/21/2016 12:00:00,6.354,697
09/21/2016 13:00:00,6.847,761
09/21/2016 14:00:00,7.593,564
09/21/2016 15:00:00,6.94,823
09/21/2016 16:00:00,6.668,249
09/21/2016 17:00:00,6.513,129
09/21/2016 18:00:00,5.973,122
09/21/2016 19:00:00,5.902,604
09/21/2016 20:00:00,5.984,2
09/21/2016 21:00:00,5.955,116
09/21/2016 22:00:00,5.47,2
09/21/2016 23:00:00,4.4,2
09/22/2016 00:00:00,2.629,2
09/22/2016 01:00:00,2.133,2
09/22/2016 02:00:00,1.66,2
09/22/2016 03:00:00,1.669,2
09/22/2016 04:00:00,1.644,2
09/22/2016 05:00:00,2.131,2
09/22/2016 06:00:00,2.283,2
09/22/2016 07:00:00,2.818,2
09/22/2016 08:00:00,5.142,194
09/22/2016 09:00:00,6.886,151
09/22/2016 10:00:00,6.999,372
09/22/2016 11:00:00,6.587,594
09/22/2016 12:00:00,6.583,488
09/22/2016 13:00:00,6.981,716
09/22/2016 14:00:00,7.011,409
09/22/2016 15:00:00,7.139,443
09/22/2016 16:00:00,6.503,322
09/22/2016 17:00:00,6.005,428
09/22/2016 18:00:00,5.639,88
09/22/2016 19:00:00,3.615,905
09/22/2016 20:00:00,2.583,116
09/22/2016 21:00:00,2.182,2
09/22/2016 22:00:00,2.531,2
09/22/2016 23:00:00,2.744,2
09/23/2016 00:00:00,2.065,2
09/23/2016 01:00:00,2.438,2
09/23/2016 02:00:00,2.009,2
09/23/2016 03:00:00,1.683,2
09/23/2016 04:00:00,1.679,2
09/23/2016 05:00:00,2.204,2
09/23/2016 06:00:00,2.167,2
09/23/2016 07:00:00,2.625,2
09/23/2016 08:00:00,5.01,239
09/23/2016 09:00:00,5.473,143
09/23/2016 10:00:00,6.73,356
09/23/2016 11:00:00,6.47,211
09/23/2016 12:00:00,5.91,785
09/23/2016 13:00:00,6.441,649
09/23/2016 14:00:00,6.88,680
09/23/2016 15:00:00,6.629,159
09/23/2016 16:00:00,6.15,248
09/23/2016 17:00:00,4.224,420
09/23/2016 18:00:00,2.307,189
09/23/2016 19:00:00,1.638,692
09/23/2016 20:00:00,1.931,2
09/23/2016 21:00:00,1.898,2
09/23/2016 22:00:00,1.723,2
09/23/2016 23:00:00,1.644,2
09/24/2016 00:00:00,1.418,2
09/24/2016 01:00:00,1.621,2
09/24/2016 02:00:00,1.662,2
09/24/2016 03:00:00,1.641,2
09/24/2016 04:00:00,1.515,2
09/24/2016 05:00:00,1.489,2
09/24/2016 06:00:00,1.538,2
09/24/2016 07:00:00,1.516,2
09/24/2016 08:00:00,1.518,228
09/24/2016 09:00:00,1.491,142
09/24/2016 10:00:00,1.663,358
09/24/2016 11:00:00,1.573,551
09/24/2016 12:00:00,1.604,689
09/24/2016 13:00:00,1.589,775
09/24/2016 14:00:00,1.938,815
09/24/2016 15:00:00,1.779,738
09/24/2016 16:00:00,1.631,632
09/24/2016 17:00:00,1.523,435
09/24/2016 18:00:00,1.508,201
09/24/2016 19:00:00,1.511,682
09/24/2016 20:00:00,1.519,2
09/24/2016 21:00:00,1.52,2
09/24/2016 22:00:00,1.509,2
09/24/2016 23:00:00,1.503,2
09/25/2016 00:00:00,1.282,2
09/25/2016 01:00:00,1.5,2
09/25/2016 02:00:00,1.509,2
09/25/2016 03:00:00,1.513,2
09/25/2016 04:00:00,1.519,2
09/25/2016 05:00:00,1.5,2
09/25/2016 06:00:00,1.506,2
09/25/2016 07:00:00,1.507,2
09/25/2016 08:00:00,1.558,216
09/25/2016 09:00:00,1.728,133
09/25/2016 10:00:00,2.095,348
09/25/2016 11:00:00,1.996,539
09/25/2016 12:00:00,1.917,683
09/25/2016 13:00:00,1.774,760
09/25/2016 14:00:00,1.784,768
09/25/2016 15:00:00,1.784,731
09/25/2016 16:00:00,1.781,624
09/25/2016 17:00:00,1.792,458
09/25/2016 18:00:00,1.819,246
09/25/2016 19:00:00,1.822,25
09/25/2016 20:00:00,1.603,116
09/25/2016 21:00:00,1.597,2
09/25/2016 22:00:00,2.182,2
09/25/2016 23:00:00,1.906,2
09/26/2016 00:00:00,1.824,116
09/26/2016 01:00:00,2.339,116
09/26/2016 02:00:00,1.575,116
09/26/2016 03:00:00,1.553,2
09/26/2016 04:00:00,1.577,2
09/26/2016 05:00:00,1.968,2
09/26/2016 06:00:00,2.147,2
09/26/2016 07:00:00,2.482,2
09/26/2016 08:00:00,5.555,886
09/26/2016 09:00:00,6.265,548
09/26/2016 10:00:00,6.637,231
09/26/2016 11:00:00,6.81,495
09/26/2016 12:00:00,6.435,450
09/26/2016 13:00:00,6.102,713
09/26/2016 14:00:00,6.243,772
09/26/2016 15:00:00,6.307,718
09/26/2016 16:00:00,6.22,596
09/26/2016 17:00:00,5.839,390
09/26/2016 18:00:00,5.691,834
09/26/2016 19:00:00,5.451,471
09/26/2016 20:00:00,5.453,2
09/26/2016 21:00:00,5.128,2
09/26/2016 22:00:00,5.024,227
09/26/2016 23:00:00,4.663,116
09/27/2016 00:00:00,2.491,2
09/27/2016 01:00:00,2.021,116
09/27/2016 02:00:00,1.674,116
09/27/2016 03:00:00,1.461,116
09/27/2016 04:00:00,1.455,2
09/27/2016 05:00:00,2.033,2
09/27/2016 06:00:00,1.693,2
09/27/2016 07:00:00,3.127,2
09/27/2016 08:00:00,6.401,28
09/27/2016 09:00:00,6.88,493
09/27/2016 10:00:00,6.859,408
09/27/2016 11:00:00,6.487,180
09/27/2016 12:00:00,6.148,572
09/27/2016 13:00:00,6.585,712
09/27/2016 14:00:00,6.828,508
09/27/2016 15:00:00,7.147,576
09/27/2016 16:00:00,6.753,482
09/27/2016 17:00:00,6.2,68
09/27/2016 18:00:00,5.417,219
09/27/2016 19:00:00,5.205,40
09/27/2016 20:00:00,5.595,116
09/27/2016 21:00:00,5.458,2
09/27/2016 22:00:00,5.673,116
09/27/2016 23:00:00,4.708,2
09/28/2016 00:00:00,2.304,116
09/28/2016 01:00:00,2.506,116
09/28/2016 02:00:00,2.104,2
09/28/2016 03:00:00,1.3,116
09/28/2016 04:00:00,1.206,116
09/28/2016 05:00:00,1.738,116
09/28/2016 06:00:00,2.05,116
09/28/2016 07:00:00,2.35,2
09/28/2016 08:00:00,5.871,448
09/28/2016 09:00:00,7.428,593
09/28/2016 10:00:00,7.406,81
09/28/2016 11:00:00,6.483,95
09/28/2016 12:00:00,6.203,384
09/28/2016 13:00:00,6.315,721
09/28/2016 14:00:00,7.014,681
09/28/2016 15:00:00,6.834,383
09/28/2016 16:00:00,6.323,468
09/28/2016 17:00:00,5.721,461
09/28/2016 18:00:00,5.464,243
09/28/2016 19:00:00,5.916,24
09/28/2016 20:00:00,5.862,2
09/28/2016 21:00:00,5.66,1
09/28/2016 22:00:00,4.389,1
09/28/2016 23:00:00,4.588,2
09/29/2016 00:00:00,2.198,2
09/29/2016 01:00:00,2.638,2
09/29/2016 02:00:00,1.737,2
09/29/2016 03:00:00,1.59,2
09/29/2016 04:00:00,1.601,2
09/29/2016 05:00:00,2.184,2
09/29/2016 06:00:00,2.071,2
09/29/2016 07:00:00,2.828,2
09/29/2016 08:00:00,5.677,39
09/29/2016 09:00:00,6.382,63
09/29/2016 10:00:00,6.463,123
09/29/2016 11:00:00,6.244,488
09/29/2016 12:00:00,5.521,642
09/29/2016 13:00:00,5.815,737
09/29/2016 14:00:00,6.301,846
09/29/2016 15:00:00,6.193,334
09/29/2016 16:00:00,5.881,556
09/29/2016 17:00:00,5.5,434
09/29/2016 18:00:00,5.224,244
09/29/2016 19:00:00,4.89,29
09/29/2016 20:00:00,4.999,2
09/29/2016 21:00:00,5.033,2
09/29/2016 22:00:00,4.543,2
09/29/2016 23:00:00,3.961,2
09/30/2016 00:00:00,1.927,2
09/30/2016 01:00:00,2.575,2
09/30/2016 02:00:00,1.764,2
09/30/2016 03:00:00,1.598,2
09/30/2016 04:00:00,1.574,2
09/30/2016 05:00:00,2.13,2
09/30/2016 06:00:00,2.088,2
09/30/2016 07:00:00,2.457,2
09/30/2016 08:00:00,4.932,670
09/30/2016 09:00:00,6.022,89
09/30/2016 10:00:00,6.217,311
09/30/2016 11:00:00,6.641,516
09/30/2016 12:00:00,6.038,672
09/30/2016 13:00:00,5.879,772
09/30/2016 14:00:00,6.405,793
09/30/2016 15:00:00,6.594,748
09/30/2016 16:00:00,5.731,631
09/30/2016 17:00:00,4.272,458
09/30/2016 18:00:00,2.785,246
09/30/2016 19:00:00,2.249,16
09/30/2016 20:00:00,2.385,2
09/30/2016 21:00:00,1.845,2
09/30/2016 22:00:00,1.589,2
09/30/2016 23:00:00,1.576,2
10/01/2016 00:00:00,1.373,2
10/01/2016 01:00:00,1.587,2
10/01/2016 02:00:00,1.563,2
10/01/2016 03:00:00,1.565,2
10/01/2016 04:00:00,1.576,2
10/01/2016 05:00:00,1.412,2
10/01/2016 06:00:00,1.538,2
10/01/2016 07:00:00,1.078,2
10/01/2016 08:00:00,1.031,559
10/01/2016 09:00:00,1.007,84
10/01/2016 10:00:00,1.026,299
10/01/2016 11:00:00,1.052,500
10/01/2016 12:00:00,1.473,655
10/01/2016 13:00:00,1.221,749
10/01/2016 14:00:00,1.173,779
10/01/2016 15:00:00,1.168,730
10/01/2016 16:00:00,1.604,610
10/01/2016 17:00:00,1.717,443
10/01/2016 18:00:00,1.481,231
10/01/2016 19:00:00,1.057,7
10/01/2016 20:00:00,1.019,1
10/01/2016 21:00:00,1.015,1
10/01/2016 22:00:00,1.022,2
10/01/2016 23:00:00,1.001,2
10/02/2016 00:00:00,1.125,2
10/02/2016 01:00:00,1.229,2
10/02/2016 02:00:00,1.019,2
10/02/2016 03:00:00,1.016,2
10/02/2016 04:00:00,1.018,2
10/02/2016 05:00:00,1.006,2
10/02/2016 06:00:00,1.02,2
10/02/2016 07:00:00,1.016,2
10/02/2016 08:00:00,1.013,559
10/02/2016 09:00:00,1.014,89
10/02/2016 10:00:00,1.011,266
10/02/2016 11:00:00,1.019,505
10/02/2016 12:00:00,1.009,634
10/02/2016 13:00:00,1.018,767
10/02/2016 14:00:00,1.02,741
10/02/2016 15:00:00,1.22,345
10/02/2016 16:00:00,1.02,242
10/02/2016 17:00:00,1.013,108
10/02/2016 18:00:00,1.014,115
10/02/2016 19:00:00,1.007,161
10/02/2016 20:00:00,1.039,2
10/02/2016 21:00:00,1.153,2
10/02/2016 22:00:00,2.396,2
10/02/2016 23:00:00,1.909,2
10/03/2016 00:00:00,2.597,2
10/03/2016 01:00:00,1.85,2
10/03/2016 02:00:00,1.833,2
10/03/2016 03:00:00,1.79,2
10/03/2016 04:00:00,1.428,2
10/03/2016 05:00:00,1.883,2
10/03/2016 06:00:00,2.169,2
10/03/2016 07:00:00,2.389,2
10/03/2016 08:00:00,4.608,337
10/03/2016 09:00:00,5.673,526
10/03/2016 10:00:00,6.127,278
10/03/2016 11:00:00,6.608,461
10/03/2016 12:00:00,6.304,618
10/03/2016 13:00:00,6.646,718
10/03/2016 14:00:00,6.955,673
10/03/2016 15:00:00,6.917,825
10/03/2016 16:00:00,6.74,752
10/03/2016 17:00:00,7.046,527
10/03/2016 18:00:00,6.955,267
10/03/2016 19:00:00,6.166,371
10/03/2016 20:00:00,5.469,2
10/03/2016 21:00:00,5.726,2
10/03/2016 22:00:00,5.765,2
10/03/2016 23:00:00,4.745,2
10/04/2016 00:00:00,2.616,2
10/04/2016 01:00:00,2.357,2
10/04/2016 02:00:00,1.549,2
10/04/2016 03:00:00,1.114,2
10/04/2016 04:00:00,1.133,2
10/04/2016 05:00:00,1.819,2
10/04/2016 06:00:00,1.96,2
10/04/2016 07:00:00,2.71,2
10/04/2016 08:00:00,5.301,448
10/04/2016 09:00:00,6.375,112
10/04/2016 10:00:00,6.796,264
10/04/2016 11:00:00,6.295,459
10/04/2016 12:00:00,6.46,475
10/04/2016 13:00:00,6.702,586
10/04/2016 14:00:00,6.513,713
10/04/2016 15:00:00,6.471,446
10/04/2016 16:00:00,6.478,288
10/04/2016 17:00:00,6.502,243
10/04/2016 18:00:00,6.194,615
10/04/2016 19:00:00,5.62,560
10/04/2016 20:00:00,5.074,2
10/04/2016 21:00:00,4.973,2
10/04/2016 22:00:00,5.48,2
10/04/2016 23:00:00,4.546,2
10/05/2016 00:00:00,2.314,116
10/05/2016 01:00:00,2.201,2
10/05/2016 02:00:00,1.445,2
10/05/2016 03:00:00,1.173,2
10/05/2016 04:00:00,1.134,2
10/05/2016 05:00:00,1.812,2
10/05/2016 06:00:00,1.788,2
10/05/2016 07:00:00,1.859,2
10/05/2016 08:00:00,3.522,559
10/05/2016 09:00:00,4.474,64
10/05/2016 10:00:00,5.443,278
10/05/2016 11:00:00,6.085,483
10/05/2016 12:00:00,5.733,639
10/05/2016 13:00:00,5.71,724
10/05/2016 14:00:00,5.709,752
10/05/2016 15:00:00,6.057,700
10/05/2016 16:00:00,5.895,587
10/05/2016 17:00:00,5.888,414
10/05/2016 18:00:00,5.619,204
10/05/2016 19:00:00,5.608,736
10/05/2016 20:00:00,5.589,2
10/05/2016 21:00:00,5.392,2
10/05/2016 22:00:00,4.953,2
10/05/2016 23:00:00,4.42,2
10/06/2016 00:00:00,2.417,2
10/06/2016 01:00:00,2.347,2
10/06/2016 02:00:00,1.548,2
10/06/2016 03:00:00,1.303,2
10/06/2016 04:00:00,1.315,2
10/06/2016 05:00:00,2.093,2
10/06/2016 06:00:00,1.905,2
10/06/2016 07:00:00,2.392,2
10/06/2016 08:00:00,5.522,227
10/06/2016 09:00:00,6.54,758
10/06/2016 10:00:00,6.741,111
10/06/2016 11:00:00,6.264,486
10/06/2016 12:00:00,6.325,618
10/06/2016 13:00:00,6.372,729
10/06/2016 14:00:00,6.656,757
10/06/2016 15:00:00,6.519,704
10/06/2016 16:00:00,5.963,613
10/06/2016 17:00:00,5.916,413
10/06/2016 18:00:00,5.704,202
10/06/2016 19:00:00,4.348,736
10/06/2016 20:00:00,4.098,2
10/06/2016 21:00:00,3.661,2
10/06/2016 22:00:00,3.664,2
10/06/2016 23:00:00,3.01,2
10/07/2016 00:00:00,1.521,2
10/07/2016 01:00:00,1.098,2
10/07/2016 02:00:00,1.105,2
10/07/2016 03:00:00,1.104,2
10/07/2016 04:00:00,1.096,2
10/07/2016 05:00:00,1.993,2
10/07/2016 06:00:00,1.605,2
10/07/2016 07:00:00,2.074,2
10/07/2016 08:00:00,4.638,116
10/07/2016 09:00:00,5.291,382
10/07/2016 10:00:00,6.245,905
10/07/2016 11:00:00,7.102,14
10/07/2016 12:00:00,6.589,165
10/07/2016 13:00:00,6.564,91
10/07/2016 14:00:00,7.045,170
10/07/2016 15:00:00,6.938,123
10/07/2016 16:00:00,6.563,415
10/07/2016 17:00:00,3.93,426
10/07/2016 18:00:00,2.525,471
10/07/2016 19:00:00,1.007,239
10/07/2016 20:00:00,0.937,116
10/07/2016 21:00:00,0.928,116
10/07/2016 22:00:00,0.93,2
10/07/2016 23:00:00,0.922,2
10/08/2016 00:00:00,0.808,2
10/08/2016 01:00:00,0.93,2
10/08/2016 02:00:00,0.933,2
10/08/2016 03:00:00,0.923,116
10/08/2016 04:00:00,0.962,2
10/08/2016 05:00:00,0.924,116
10/08/2016 06:00:00,0.936,2
10/08/2016 07:00:00,0.918,2
10/08/2016 08:00:00,0.946,116
10/08/2016 09:00:00,0.923,315
10/08/2016 10:00:00,0.932,944
10/08/2016 11:00:00,1.021,103
10/08/2016 12:00:00,1.144,453
10/08/2016 13:00:00,1.145,486
10/08/2016 14:00:00,0.926,369
10/08/2016 15:00:00,1.652,658
10/08/2016 16:00:00,1.455,565
10/08/2016 17:00:00,1.064,358
10/08/2016 18:00:00,1.068,208
10/08/2016 19:00:00,1.059,471
10/08/2016 20:00:00,1.072,2
10/08/2016 21:00:00,1.065,1
10/08/2016 22:00:00,1.071,2
10/08/2016 23:00:00,1.35,2
10/09/2016 00:00:00,0.926,116
10/09/2016 01:00:00,0.949,2
10/09/2016 02:00:00,0.936,2
10/09/2016 03:00:00,0.923,2
10/09/2016 04:00:00,0.931,2
10/09/2016 05:00:00,0.932,2
10/09/2016 06:00:00,0.935,116
10/09/2016 07:00:00,0.92,2
10/09/2016 08:00:00,0.934,337
10/09/2016 09:00:00,0.931,70
10/09/2016 10:00:00,0.936,286
10/09/2016 11:00:00,0.918,489
10/09/2016 12:00:00,1.071,643
10/09/2016 13:00:00,1.109,733
10/09/2016 14:00:00,0.935,753
10/09/2016 15:00:00,0.926,706
10/09/2016 16:00:00,0.931,594
10/09/2016 17:00:00,0.93,421
10/09/2016 18:00:00,0.93,200
10/09/2016 19:00:00,0.927,671
10/09/2016 20:00:00,0.933,2
10/09/2016 21:00:00,1.124,2
10/09/2016 22:00:00,1.914,1
10/09/2016 23:00:00,1.75,2
10/10/2016 00:00:00,1.893,2
10/10/2016 01:00:00,1.386,2
10/10/2016 02:00:00,1.027,2
10/10/2016 03:00:00,1.025,2
10/10/2016 04:00:00,1.006,2
10/10/2016 05:00:00,1.805,2
10/10/2016 06:00:00,1.513,116
10/10/2016 07:00:00,1.524,2
10/10/2016 08:00:00,4.749,337
10/10/2016 09:00:00,5.751,67
10/10/2016 10:00:00,6.003,285
10/10/2016 11:00:00,6.059,487
10/10/2016 12:00:00,6.324,635
10/10/2016 13:00:00,6.898,728
10/10/2016 14:00:00,6.907,756
10/10/2016 15:00:00,6.462,707
10/10/2016 16:00:00,6.111,584
10/10/2016 17:00:00,5.923,412
10/10/2016 18:00:00,5.924,180
10/10/2016 19:00:00,5.547,537
10/10/2016 20:00:00,5.081,2
10/10/2016 21:00:00,5.304,2
10/10/2016 22:00:00,5.319,2
10/10/2016 23:00:00,4.79,2
10/11/2016 00:00:00,2.426,2
10/11/2016 01:00:00,2.148,2
10/11/2016 02:00:00,1.452,2
10/11/2016 03:00:00,1.152,2
10/11/2016 04:00:00,1.17,2
10/11/2016 05:00:00,1.854,2
10/11/2016 06:00:00,2.097,2
10/11/2016 07:00:00,2.451,2
10/11/2016 08:00:00,4.871,337
10/11/2016 09:00:00,5.877,85
10/11/2016 10:00:00,6.588,285
10/11/2016 11:00:00,6.697,484
10/11/2016 12:00:00,6.617,636
10/11/2016 13:00:00,6.862,733
10/11/2016 14:00:00,7.128,749
10/11/2016 15:00:00,7.188,697
10/11/2016 16:00:00,7.17,584
10/11/2016 17:00:00,6.806,401
10/11/2016 18:00:00,6.275,186
10/11/2016 19:00:00,5.789,560
10/11/2016 20:00:00,5.581,1
10/11/2016 21:00:00,5.526,2
10/11/2016 22:00:00,5.939,2
10/11/2016 23:00:00,5.55,2
10/12/2016 00:00:00,2.601,2
10/12/2016 01:00:00,2.193,2
10/12/2016 02:00:00,1.668,2
10/12/2016 03:00:00,1.666,2
10/12/2016 04:00:00,1.649,2
10/12/2016 05:00:00,1.902,2
10/12/2016 06:00:00,2.133,2
10/12/2016 07:00:00,2.048,2
10/12/2016 08:00:00,4.669,337
10/12/2016 09:00:00,5.877,60
10/12/2016 10:00:00,6.521,278
10/12/2016 11:00:00,6.79,484
10/12/2016 12:00:00,6.593,638
10/12/2016 13:00:00,6.489,727
10/12/2016 14:00:00,6.888,748
10/12/2016 15:00:00,6.869,698
10/12/2016 16:00:00,6.944,581
10/12/2016 17:00:00,6.236,406
10/12/2016 18:00:00,6.013,187
10/12/2016 19:00:00,5.435,493
10/12/2016 20:00:00,5.242,2
10/12/2016 21:00:00,5.156,2
10/12/2016 22:00:00,5.32,2
10/12/2016 23:00:00,4.768,2
10/13/2016 00:00:00,1.966,2
10/13/2016 01:00:00,2.454,2
10/13/2016 02:00:00,2.352,2
10/13/2016 03:00:00,1.61,2
10/13/2016 04:00:00,1.637,2
10/13/2016 05:00:00,2.058,2
10/13/2016 06:00:00,2.049,2
10/13/2016 07:00:00,2.382,2
10/13/2016 08:00:00,4.829,227
10/13/2016 09:00:00,5.662,44
10/13/2016 10:00:00,6.209,253
10/13/2016 11:00:00,6.598,445
10/13/2016 12:00:00,6.503,597
10/13/2016 13:00:00,6.68,687
10/13/2016 14:00:00,6.788,707
10/13/2016 15:00:00,6.195,654
10/13/2016 16:00:00,6.17,538
10/13/2016 17:00:00,5.26,365
10/13/2016 18:00:00,4.995,155
10/13/2016 19:00:00,4.833,326
10/13/2016 20:00:00,4.692,116
10/13/2016 21:00:00,4.922,2
10/13/2016 22:00:00,5.259,2
10/13/2016 23:00:00,4.436,2
10/14/2016 00:00:00,1.921,2
10/14/2016 01:00:00,2.381,116
10/14/2016 02:00:00,1.535,2
10/14/2016 03:00:00,1.495,116
10/14/2016 04:00:00,1.501,116
10/14/2016 05:00:00,1.638,2
10/14/2016 06:00:00,2.001,2
10/14/2016 07:00:00,2.047,2
10/14/2016 08:00:00,4.192,227
10/14/2016 09:00:00,5.02,23
10/14/2016 10:00:00,5.7,235
10/14/2016 11:00:00,6.432,420
10/14/2016 12:00:00,5.883,459
10/14/2016 13:00:00,6.029,436
10/14/2016 14:00:00,5.81,611
10/14/2016 15:00:00,6.063,481
10/14/2016 16:00:00,6.36,363
10/14/2016 17:00:00,4.478,113
10/14/2016 18:00:00,2.609,102
10/14/2016 19:00:00,2.093,150
10/14/2016 20:00:00,1.91,2
10/14/2016 21:00:00,0.954,2
10/14/2016 22:00:00,0.963,2
10/14/2016 23:00:00,0.959,2
10/15/2016 00:00:00,0.832,2
10/15/2016 01:00:00,0.955,2
10/15/2016 02:00:00,0.964,2
10/15/2016 03:00:00,0.952,2
10/15/2016 04:00:00,0.965,2
10/15/2016 05:00:00,0.956,2
10/15/2016 06:00:00,0.958,2
10/15/2016 07:00:00,0.912,2
10/15/2016 08:00:00,0.923,116
10/15/2016 09:00:00,0.915,282
10/15/2016 10:00:00,1.261,35
10/15/2016 11:00:00,0.908,212
10/15/2016 12:00:00,0.916,573
10/15/2016 13:00:00,0.927,621
10/15/2016 14:00:00,0.93,541
10/15/2016 15:00:00,0.906,575
10/15/2016 16:00:00,1.216,171
10/15/2016 17:00:00,1.078,76
10/15/2016 18:00:00,1.234,887
10/15/2016 19:00:00,1.474,216
10/15/2016 20:00:00,0.918,2
10/15/2016 21:00:00,0.93,116
10/15/2016 22:00:00,0.922,116
10/15/2016 23:00:00,0.917,2
10/16/2016 00:00:00,0.789,2
10/16/2016 01:00:00,0.923,2
10/16/2016 02:00:00,0.927,2
10/16/2016 03:00:00,0.916,2
10/16/2016 04:00:00,0.917,2
10/16/2016 05:00:00,0.911,2
10/16/2016 06:00:00,0.926,2
10/16/2016 07:00:00,0.918,2
10/16/2016 08:00:00,0.914,116
10/16/2016 09:00:00,1.073,626
10/16/2016 10:00:00,0.936,214
10/16/2016 11:00:00,0.915,414
10/16/2016 12:00:00,0.922,383
10/16/2016 13:00:00,0.916,717
10/16/2016 14:00:00,0.923,712
10/16/2016 15:00:00,0.932,264
10/16/2016 16:00:00,0.96,508
10/16/2016 17:00:00,0.918,217
10/16/2016 18:00:00,0.92,131
10/16/2016 19:00:00,0.915,216
10/16/2016 20:00:00,0.923,2
10/16/2016 21:00:00,1.54,2
10/16/2016 22:00:00,2.093,2
10/16/2016 23:00:00,1.988,2
10/17/2016 00:00:00,1.746,2
10/17/2016 01:00:00,2.525,116
10/17/2016 02:00:00,1.691,116
10/17/2016 03:00:00,1.662,116
10/17/2016 04:00:00,1.659,116
10/17/2016 05:00:00,2.093,2
10/17/2016 06:00:00,2.042,116
10/17/2016 07:00:00,2.437,2
10/17/2016 08:00:00,4.68,227
10/17/2016 09:00:00,5.77,20
10/17/2016 10:00:00,6.194,221
10/17/2016 11:00:00,6.29,416
10/17/2016 12:00:00,6.566,566
10/17/2016 13:00:00,6.37,662
10/17/2016 14:00:00,6.218,677
10/17/2016 15:00:00,6.099,627
10/17/2016 16:00:00,6.264,508
10/17/2016 17:00:00,6.696,339
10/17/2016 18:00:00,6.25,130
10/17/2016 19:00:00,6.044,194
10/17/2016 20:00:00,5.773,2
10/17/2016 21:00:00,5.336,2
10/17/2016 22:00:00,5.797,2
10/17/2016 23:00:00,4.327,2
10/18/2016 00:00:00,2.207,2
10/18/2016 01:00:00,1.643,116
10/18/2016 02:00:00,1.663,116
10/18/2016 03:00:00,1.665,116
10/18/2016 04:00:00,1.649,116
10/18/2016 05:00:00,2.061,2
10/18/2016 06:00:00,2.105,2
10/18/2016 07:00:00,2.759,2
10/18/2016 08:00:00,4.932,116
10/18/2016 09:00:00,6.899,13
10/18/2016 10:00:00,7.086,54
10/18/2016 11:00:00,6.513,433
10/18/2016 12:00:00,5.668,564
10/18/2016 13:00:00,6.201,597
10/18/2016 14:00:00,6.814,773
10/18/2016 15:00:00,6.915,369
10/18/2016 16:00:00,6.824,500
10/18/2016 17:00:00,6.248,272
10/18/2016 18:00:00,5.563,100
10/18/2016 19:00:00,5.192,172
10/18/2016 20:00:00,5.262,2
10/18/2016 21:00:00,5.074,2
10/18/2016 22:00:00,5.165,2
10/18/2016 23:00:00,3.848,2
10/19/2016 00:00:00,1.736,2
10/19/2016 01:00:00,2.574,2
10/19/2016 02:00:00,2.288,2
10/19/2016 03:00:00,1.573,2
10/19/2016 04:00:00,1.588,2
10/19/2016 05:00:00,2.114,2
10/19/2016 06:00:00,2.117,2
10/19/2016 07:00:00,2.393,2
10/19/2016 08:00:00,4.447,116
10/19/2016 09:00:00,5.204,13
10/19/2016 10:00:00,6.47,212
10/19/2016 11:00:00,6.819,405
10/19/2016 12:00:00,5.821,553
10/19/2016 13:00:00,6.428,645
10/19/2016 14:00:00,6.641,672
10/19/2016 15:00:00,5.915,622
10/19/2016 16:00:00,5.756,512
10/19/2016 17:00:00,6.041,331
10/19/2016 18:00:00,5.375,120
10/19/2016 19:00:00,5.31,117
10/19/2016 20:00:00,5.591,2
10/19/2016 21:00:00,5.084,2
10/19/2016 22:00:00,5.086,2
10/19/2016 23:00:00,4.266,2
10/20/2016 00:00:00,2.087,2
10/20/2016 01:00:00,2.335,2
10/20/2016 02:00:00,1.276,2
10/20/2016 03:00:00,1.109,2
10/20/2016 04:00:00,1.116,2
10/20/2016 05:00:00,1.864,2
10/20/2016 06:00:00,1.622,2
10/20/2016 07:00:00,2.391,2
10/20/2016 08:00:00,5.747,116
10/20/2016 09:00:00,6.429,834
10/20/2016 10:00:00,6.713,213
10/20/2016 11:00:00,6.5,390
10/20/2016 12:00:00,6.408,552
10/20/2016 13:00:00,6.421,642
10/20/2016 14:00:00,6.522,680
10/20/2016 15:00:00,6.362,597
10/20/2016 16:00:00,6.162,331
10/20/2016 17:00:00,6.17,321
10/20/2016 18:00:00,5.753,75
10/20/2016 19:00:00,4.831,117
10/20/2016 20:00:00,4.314,116
10/20/2016 21:00:00,4.485,116
10/20/2016 22:00:00,4.582,116
10/20/2016 23:00:00,3.968,116
10/21/2016 00:00:00,2.33,2
10/21/2016 01:00:00,2.423,2
10/21/2016 02:00:00,1.405,2
10/21/2016 03:00:00,1.285,2
10/21/2016 04:00:00,1.266,2
10/21/2016 05:00:00,1.96,2
10/21/2016 06:00:00,1.935,2
10/21/2016 07:00:00,3.429,2
10/21/2016 08:00:00,4.293,116
10/21/2016 09:00:00,5.021,526
10/21/2016 10:00:00,5.31,186
10/21/2016 11:00:00,5.131,439
10/21/2016 12:00:00,5.261,583
10/21/2016 13:00:00,5.557,676
10/21/2016 14:00:00,5.822,688
10/21/2016 15:00:00,5.82,475
10/21/2016 16:00:00,6.014,557
10/21/2016 17:00:00,4.449,362
10/21/2016 18:00:00,1.977,73
10/21/2016 19:00:00,1.065,117
10/21/2016 20:00:00,1.016,2
10/21/2016 21:00:00,1.021,2
10/21/2016 22:00:00,1.013,2
10/21/2016 23:00:00,1.015,2
10/22/2016 00:00:00,0.874,2
10/22/2016 01:00:00,1.024,2
10/22/2016 02:00:00,1.054,2
10/22/2016 03:00:00,1.159,2
10/22/2016 04:00:00,1.019,2
10/22/2016 05:00:00,1.041,2
10/22/2016 06:00:00,1.017,2
10/22/2016 07:00:00,1.011,2
10/22/2016 08:00:00,1.015,2
10/22/2016 09:00:00,1.21,887
10/22/2016 10:00:00,1.205,246
10/22/2016 11:00:00,1.481,446
10/22/2016 12:00:00,1.019,602
10/22/2016 13:00:00,1.014,681
10/22/2016 14:00:00,1.006,699
10/22/2016 15:00:00,1.015,646
10/22/2016 16:00:00,1.026,532
10/22/2016 17:00:00,1.02,359
10/22/2016 18:00:00,1.013,144
10/22/2016 19:00:00,1.014,105
10/22/2016 20:00:00,1.026,2
10/22/2016 21:00:00,0.968,2
10/22/2016 22:00:00,0.959,2
10/22/2016 23:00:00,0.951,2
10/23/2016 00:00:00,0.823,2
10/23/2016 01:00:00,0.956,2
10/23/2016 02:00:00,0.963,2
10/23/2016 03:00:00,0.95,2
10/23/2016 04:00:00,0.97,2
10/23/2016 05:00:00,0.961,2
10/23/2016 06:00:00,0.962,116
10/23/2016 07:00:00,0.949,116
10/23/2016 08:00:00,0.968,116
10/23/2016 09:00:00,0.958,27
10/23/2016 10:00:00,1.418,236
10/23/2016 11:00:00,0.999,432
10/23/2016 12:00:00,1.126,583
10/23/2016 13:00:00,0.953,658
10/23/2016 14:00:00,1.259,667
10/23/2016 15:00:00,0.945,628
10/23/2016 16:00:00,0.972,511
10/23/2016 17:00:00,0.958,336
10/23/2016 18:00:00,0.962,92
10/23/2016 19:00:00,0.95,72
10/23/2016 20:00:00,0.97,2
10/23/2016 21:00:00,1.379,2
10/23/2016 22:00:00,2.299,2
10/23/2016 23:00:00,1.732,2
10/24/2016 00:00:00,1.973,2
10/24/2016 01:00:00,1.122,2
10/24/2016 02:00:00,0.952,2
10/24/2016 03:00:00,0.967,2
10/24/2016 04:00:00,0.969,2
10/24/2016 05:00:00,1.658,2
10/24/2016 06:00:00,1.71,2
10/24/2016 07:00:00,2.769,2
10/24/2016 08:00:00,4.578,116
10/24/2016 09:00:00,5.385,13
10/24/2016 10:00:00,6.665,170
10/24/2016 11:00:00,6.374,375
10/24/2016 12:00:00,6.398,549
10/24/2016 13:00:00,6.435,580
10/24/2016 14:00:00,7.189,656
10/24/2016 15:00:00,6.849,611
10/24/2016 16:00:00,6.51,494
10/24/2016 17:00:00,6.74,320
10/24/2016 18:00:00,6.728,13
10/24/2016 19:00:00,5.981,886
10/24/2016 20:00:00,5.582,2
10/24/2016 21:00:00,5.43,2
10/24/2016 22:00:00,4.709,2
10/24/2016 23:00:00,3.42,2
10/25/2016 00:00:00,1.715,2
10/25/2016 01:00:00,2.021,2
10/25/2016 02:00:00,1.558,2
10/25/2016 03:00:00,1.132,2
10/25/2016 04:00:00,1.122,2
10/25/2016 05:00:00,1.909,2
10/25/2016 06:00:00,1.536,2
10/25/2016 07:00:00,3.266,2
10/25/2016 08:00:00,5.595,116
10/25/2016 09:00:00,6.247,4
10/25/2016 10:00:00,6.618,210
10/25/2016 11:00:00,6.178,451
10/25/2016 12:00:00,6.547,587
10/25/2016 13:00:00,6.611,655
10/25/2016 14:00:00,6.807,655
10/25/2016 15:00:00,6.773,587
10/25/2016 16:00:00,6.711,447
10/25/2016 17:00:00,6.324,268
10/25/2016 18:00:00,5.502,20
10/25/2016 19:00:00,5.577,559
10/25/2016 20:00:00,5.399,2
10/25/2016 21:00:00,4.825,116
10/25/2016 22:00:00,4.994,116
10/25/2016 23:00:00,4.546,2
10/26/2016 00:00:00,2.456,116
10/26/2016 01:00:00,2.239,2
10/26/2016 02:00:00,1.406,116
10/26/2016 03:00:00,1.211,116
10/26/2016 04:00:00,1.234,116
10/26/2016 05:00:00,2.047,116
10/26/2016 06:00:00,1.716,116
10/26/2016 07:00:00,2.34,116
10/26/2016 08:00:00,4.592,448
10/26/2016 09:00:00,5.325,54
10/26/2016 10:00:00,6.699,251
10/26/2016 11:00:00,6.413,440
10/26/2016 12:00:00,6.43,590
10/26/2016 13:00:00,6.796,601
10/26/2016 14:00:00,6.418,630
10/26/2016 15:00:00,6.434,567
10/26/2016 16:00:00,6.758,401
10/26/2016 17:00:00,6.408,170
10/26/2016 18:00:00,6.322,781
10/26/2016 19:00:00,5.873,116
10/26/2016 20:00:00,5.348,2
10/26/2016 21:00:00,4.962,2
10/26/2016 22:00:00,4.265,2
10/26/2016 23:00:00,3.485,2
10/27/2016 00:00:00,2.024,2
10/27/2016 01:00:00,2.093,2
10/27/2016 02:00:00,1.34,2
10/27/2016 03:00:00,1.004,2
10/27/2016 04:00:00,1.036,2
10/27/2016 05:00:00,1.74,2
10/27/2016 06:00:00,1.507,2
10/27/2016 07:00:00,2.139,2
10/27/2016 08:00:00,5.433,116
10/27/2016 09:00:00,6.975,32
10/27/2016 10:00:00,7.228,42
10/27/2016 11:00:00,7.566,51
10/27/2016 12:00:00,7.185,232
10/27/2016 13:00:00,7.099,47
10/27/2016 14:00:00,6.526,279
10/27/2016 15:00:00,6.64,230
10/27/2016 16:00:00,6.889,318
10/27/2016 17:00:00,6.274,230
10/27/2016 18:00:00,5.136,692
10/27/2016 19:00:00,4.542,116
10/27/2016 20:00:00,3.932,2
10/27/2016 21:00:00,3.059,2
10/27/2016 22:00:00,3.376,2
10/27/2016 23:00:00,2.842,2
10/28/2016 00:00:00,2.241,116
10/28/2016 01:00:00,2.239,2
10/28/2016 02:00:00,1.245,2
10/28/2016 03:00:00,1.216,2
10/28/2016 04:00:00,1.206,2
10/28/2016 05:00:00,1.671,2
10/28/2016 06:00:00,1.844,2
10/28/2016 07:00:00,2.385,2
10/28/2016 08:00:00,4.34,116
10/28/2016 09:00:00,5.994,31
10/28/2016 10:00:00,5.895,244
10/28/2016 11:00:00,6.432,413
10/28/2016 12:00:00,6.163,549
10/28/2016 13:00:00,6.021,621
10/28/2016 14:00:00,6.401,622
10/28/2016 15:00:00,6.212,555
10/28/2016 16:00:00,5.534,423
10/28/2016 17:00:00,3.872,243
10/28/2016 18:00:00,2.298,526
10/28/2016 19:00:00,1.898,227
10/28/2016 20:00:00,1.664,2
10/28/2016 21:00:00,1.66,2
10/28/2016 22:00:00,1.662,2
10/28/2016 23:00:00,1.569,2
10/29/2016 00:00:00,1.288,2
10/29/2016 01:00:00,1.527,2
10/29/2016 02:00:00,1.552,2
10/29/2016 03:00:00,1.513,2
10/29/2016 04:00:00,1.527,2
10/29/2016 05:00:00,1.53,2
10/29/2016 06:00:00,1.516,2
10/29/2016 07:00:00,1.516,2
10/29/2016 08:00:00,1.533,337
10/29/2016 09:00:00,1.528,33
10/29/2016 10:00:00,1.519,225
10/29/2016 11:00:00,1.51,403
10/29/2016 12:00:00,1.539,539
10/29/2016 13:00:00,1.521,612
10/29/2016 14:00:00,1.578,616
10/29/2016 15:00:00,1.649,549
10/29/2016 16:00:00,1.527,424
10/29/2016 17:00:00,1.529,238
10/29/2016 18:00:00,1.52,515
10/29/2016 19:00:00,1.516,227
10/29/2016 20:00:00,1.528,2
10/29/2016 21:00:00,1.522,2
10/29/2016 22:00:00,1.53,2
10/29/2016 23:00:00,1.512,2
10/30/2016 00:00:00,1.291,2
10/30/2016 01:00:00,1.524,2
10/30/2016 02:00:00,1.526,2
10/30/2016 03:00:00,1.519,2
10/30/2016 04:00:00,1.523,2
10/30/2016 05:00:00,1.531,2
10/30/2016 06:00:00,1.527,2
10/30/2016 07:00:00,1.511,2
10/30/2016 08:00:00,1.528,227
10/30/2016 09:00:00,1.53,23
10/30/2016 10:00:00,1.524,219
10/30/2016 11:00:00,1.578,399
10/30/2016 12:00:00,1.521,532
10/30/2016 13:00:00,1.528,610
10/30/2016 14:00:00,1.524,605
10/30/2016 15:00:00,1.523,640
10/30/2016 16:00:00,1.522,381
10/30/2016 17:00:00,1.578,244
10/30/2016 18:00:00,1.527,449
10/30/2016 19:00:00,1.523,116
10/30/2016 20:00:00,1.518,2
10/30/2016 21:00:00,1.529,2
10/30/2016 22:00:00,2.032,2
10/30/2016 23:00:00,2.08,2
10/31/2016 00:00:00,1.98,2
10/31/2016 01:00:00,2.495,2
10/31/2016 02:00:00,1.857,2
10/31/2016 03:00:00,1.821,2
10/31/2016 04:00:00,1.817,2
10/31/2016 05:00:00,2.306,2
10/31/2016 06:00:00,1.879,2
10/31/2016 07:00:00,2.091,2
10/31/2016 08:00:00,5.524,227
10/31/2016 09:00:00,6.314,24
10/31/2016 10:00:00,6.78,217
10/31/2016 11:00:00,6.628,398
10/31/2016 12:00:00,6.633,531
10/31/2016 13:00:00,6.87,602
10/31/2016 14:00:00,6.811,608
10/31/2016 15:00:00,6.307,500
10/31/2016 16:00:00,6.213,466
10/31/2016 17:00:00,6.05,185
10/31/2016 18:00:00,5.938,548
10/31/2016 19:00:00,5.737,227
10/31/2016 20:00:00,5.369,2
10/31/2016 21:00:00,5.355,2
10/31/2016 22:00:00,5.538,2
10/31/2016 23:00:00,4.612,116
11/01/2016 00:00:00,2.285,2
11/01/2016 01:00:00,2.282,116
11/01/2016 02:00:00,1.825,2
11/01/2016 03:00:00,1.067,2
11/01/2016 04:00:00,1.062,2
11/01/2016 05:00:00,1.821,2
11/01/2016 06:00:00,1.47,2
11/01/2016 07:00:00,2.592,2
11/01/2016 08:00:00,5.375,116
11/01/2016 09:00:00,6.99,504
11/01/2016 10:00:00,7.196,98
11/01/2016 11:00:00,6.726,152
11/01/2016 12:00:00,6.274,180
11/01/2016 13:00:00,6.324,536
11/01/2016 14:00:00,6.309,567
11/01/2016 15:00:00,6.473,507
11/01/2016 16:00:00,6.113,380
11/01/2016 17:00:00,6.303,207
11/01/2016 18:00:00,6.051,326
11/01/2016 19:00:00,5.183,116
11/01/2016 20:00:00,4.66,116
11/01/2016 21:00:00,4.871,2
11/01/2016 22:00:00,4.615,2
11/01/2016 23:00:00,3.319,116
11/02/2016 00:00:00,2.125,2
11/02/2016 01:00:00,2.171,116
11/02/2016 02:00:00,2.021,2
11/02/2016 03:00:00,1.3,2
11/02/2016 04:00:00,1.255,2
11/02/2016 05:00:00,1.325,2
11/02/2016 06:00:00,2.249,2
11/02/2016 07:00:00,2.481,2
11/02/2016 08:00:00,5.079,227
11/02/2016 09:00:00,6.292,747
11/02/2016 10:00:00,6.889,88
11/02/2016 11:00:00,6.789,351
11/02/2016 12:00:00,6.687,440
11/02/2016 13:00:00,6.794,438
11/02/2016 14:00:00,6.953,594
11/02/2016 15:00:00,7.203,525
11/02/2016 16:00:00,7.083,458
11/02/2016 17:00:00,6.781,152
11/02/2016 18:00:00,5.888,626
11/02/2016 19:00:00,6.012,227
11/02/2016 20:00:00,5.733,2
11/02/2016 21:00:00,4.816,2
11/02/2016 22:00:00,4.528,2
11/02/2016 23:00:00,3.992,2
11/03/2016 00:00:00,2.808,2
11/03/2016 01:00:00,2.66,2
11/03/2016 02:00:00,1.712,2
11/03/2016 03:00:00,1.591,2
11/03/2016 04:00:00,1.565,2
11/03/2016 05:00:00,2.175,2
11/03/2016 06:00:00,1.549,2
11/03/2016 07:00:00,2.433,2
11/03/2016 08:00:00,4.949,227
11/03/2016 09:00:00,6.311,8
11/03/2016 10:00:00,6.775,197
11/03/2016 11:00:00,6.974,366
11/03/2016 12:00:00,7.36,509
11/03/2016 13:00:00,7.158,356
11/03/2016 14:00:00,6.395,396
11/03/2016 15:00:00,6.231,390
11/03/2016 16:00:00,5.927,302
11/03/2016 17:00:00,6.01,29
11/03/2016 18:00:00,6.753,326
11/03/2016 19:00:00,5.62,2
11/03/2016 20:00:00,4.37,2
11/03/2016 21:00:00,3.752,2
11/03/2016 22:00:00,4.244,2
11/03/2016 23:00:00,4.151,2
11/04/2016 00:00:00,2.33,2
11/04/2016 01:00:00,2.458,2
11/04/2016 02:00:00,1.757,2
11/04/2016 03:00:00,1.714,2
11/04/2016 04:00:00,1.547,2
11/04/2016 05:00:00,2.061,2
11/04/2016 06:00:00,1.708,2
11/04/2016 07:00:00,2.018,2
11/04/2016 08:00:00,4.954,116
11/04/2016 09:00:00,5.011,14
11/04/2016 10:00:00,4.9,215
11/04/2016 11:00:00,5.793,394
11/04/2016 12:00:00,5.878,529
11/04/2016 13:00:00,4.99,607
11/04/2016 14:00:00,5.224,607
11/04/2016 15:00:00,5.223,539
11/04/2016 16:00:00,4.575,409
11/04/2016 17:00:00,4.424,226
11/04/2016 18:00:00,1.577,228
11/04/2016 19:00:00,1.015,2
11/04/2016 20:00:00,0.994,2
11/04/2016 21:00:00,0.973,2
11/04/2016 22:00:00,0.999,2
11/04/2016 23:00:00,1.002,2
11/05/2016 00:00:00,0.863,2
11/05/2016 01:00:00,0.979,2
11/05/2016 02:00:00,0.993,2
11/05/2016 03:00:00,1.022,2
11/05/2016 04:00:00,1,2
11/05/2016 05:00:00,0.978,2
11/05/2016 06:00:00,1.002,2
11/05/2016 07:00:00,0.99,2
11/05/2016 08:00:00,0.998,227
11/05/2016 09:00:00,1.457,22
11/05/2016 10:00:00,1.756,178
11/05/2016 11:00:00,1.884,374
11/05/2016 12:00:00,1.562,528
11/05/2016 13:00:00,1.347,599
11/05/2016 14:00:00,1.119,605
11/05/2016 15:00:00,1.099,532
11/05/2016 16:00:00,1.12,394
11/05/2016 17:00:00,1.122,174
11/05/2016 18:00:00,1.138,460
11/05/2016 19:00:00,1.557,2
11/05/2016 20:00:00,1.378,2
11/05/2016 21:00:00,1.122,2
11/05/2016 22:00:00,1.139,2
11/05/2016 23:00:00,1.131,2
